geo,xora,proorismos,proorismos_onoma,imerominia,evro_ana_taxidi,evro_ana_nyxta,nyxtes_ana_taxidi,kratos_melos,xora_krisis,einai_ellada,einai_ee,omada_xrwmatos
AT,Αυστρία,DOM,Εντός της χώρας,2012-01-01,349.37,94.74,3.7,True,False,False,False,Υπόλοιπες
AT,Αυστρία,DOM,Εντός της χώρας,2013-01-01,347.56,96.89,3.6,True,False,False,False,Υπόλοιπες
AT,Αυστρία,DOM,Εντός της χώρας,2014-01-01,327.94,95.16,3.4,True,False,False,False,Υπόλοιπες
AT,Αυστρία,DOM,Εντός της χώρας,2015-01-01,363.33,103.5,3.5,True,False,False,False,Υπόλοιπες
AT,Αυστρία,DOM,Εντός της χώρας,2016-01-01,370.19,105.61,3.5,True,False,False,False,Υπόλοιπες
AT,Αυστρία,DOM,Εντός της χώρας,2017-01-01,370.03,108.48,3.4,True,False,False,False,Υπόλοιπες
AT,Αυστρία,DOM,Εντός της χώρας,2018-01-01,363.89,104.62,3.5,True,False,False,False,Υπόλοιπες
AT,Αυστρία,DOM,Εντός της χώρας,2019-01-01,374.25,114.04,3.3,True,False,False,False,Υπόλοιπες
AT,Αυστρία,DOM,Εντός της χώρας,2020-01-01,368.93,102.74,3.6,True,False,False,False,Υπόλοιπες
AT,Αυστρία,DOM,Εντός της χώρας,2021-01-01,357.72,105.95,3.4,True,False,False,False,Υπόλοιπες
AT,Αυστρία,DOM,Εντός της χώρας,2022-01-01,390.51,124.88,3.1,True,False,False,False,Υπόλοιπες
AT,Αυστρία,DOM,Εντός της χώρας,2023-01-01,430.8,133.65,3.2,True,False,False,False,Υπόλοιπες
AT,Αυστρία,DOM,Εντός της χώρας,2024-01-01,467.09,143.42,3.3,True,False,False,False,Υπόλοιπες
BE,Βέλγιο,DOM,Εντός της χώρας,2012-01-01,233.85,54.76,4.3,True,False,False,False,Υπόλοιπες
BE,Βέλγιο,DOM,Εντός της χώρας,2013-01-01,232.42,55.24,4.2,True,False,False,False,Υπόλοιπες
BE,Βέλγιο,DOM,Εντός της χώρας,2014-01-01,216.4,54.17,4.0,True,False,False,False,Υπόλοιπες
BE,Βέλγιο,DOM,Εντός της χώρας,2015-01-01,195.1,58.43,3.3,True,False,False,False,Υπόλοιπες
BE,Βέλγιο,DOM,Εντός της χώρας,2016-01-01,230.83,56.1,4.1,True,False,False,False,Υπόλοιπες
BE,Βέλγιο,DOM,Εντός της χώρας,2017-01-01,198.14,58.48,3.4,True,False,False,False,Υπόλοιπες
BE,Βέλγιο,DOM,Εντός της χώρας,2018-01-01,213.91,53.73,4.0,True,False,False,False,Υπόλοιπες
BE,Βέλγιο,DOM,Εντός της χώρας,2019-01-01,196.67,59.1,3.3,True,False,False,False,Υπόλοιπες
BE,Βέλγιο,DOM,Εντός της χώρας,2020-01-01,185.71,48.59,3.8,True,False,False,False,Υπόλοιπες
BE,Βέλγιο,DOM,Εντός της χώρας,2021-01-01,210.06,57.5,3.7,True,False,False,False,Υπόλοιπες
BE,Βέλγιο,DOM,Εντός της χώρας,2022-01-01,235.37,71.52,3.3,True,False,False,False,Υπόλοιπες
BE,Βέλγιο,DOM,Εντός της χώρας,2023-01-01,257.63,80.45,3.2,True,False,False,False,Υπόλοιπες
BE,Βέλγιο,DOM,Εντός της χώρας,2024-01-01,275.16,74.99,3.7,True,False,False,False,Υπόλοιπες
BG,Βουλγαρία,DOM,Εντός της χώρας,2012-01-01,103.49,27.12,3.8,True,False,False,False,Υπόλοιπες
BG,Βουλγαρία,DOM,Εντός της χώρας,2013-01-01,107.24,24.44,4.4,True,False,False,False,Υπόλοιπες
BG,Βουλγαρία,DOM,Εντός της χώρας,2014-01-01,122.71,30.68,4.0,True,False,False,False,Υπόλοιπες
BG,Βουλγαρία,DOM,Εντός της χώρας,2015-01-01,121.25,29.97,4.0,True,False,False,False,Υπόλοιπες
BG,Βουλγαρία,DOM,Εντός της χώρας,2016-01-01,117.62,29.27,4.0,True,False,False,False,Υπόλοιπες
BG,Βουλγαρία,DOM,Εντός της χώρας,2017-01-01,112.05,29.62,3.8,True,False,False,False,Υπόλοιπες
BG,Βουλγαρία,DOM,Εντός της χώρας,2018-01-01,123.88,31.11,4.0,True,False,False,False,Υπόλοιπες
BG,Βουλγαρία,DOM,Εντός της χώρας,2019-01-01,132.49,33.29,4.0,True,False,False,False,Υπόλοιπες
BG,Βουλγαρία,DOM,Εντός της χώρας,2020-01-01,188.66,43.27,4.4,True,False,False,False,Υπόλοιπες
BG,Βουλγαρία,DOM,Εντός της χώρας,2021-01-01,187.25,48.13,3.9,True,False,False,False,Υπόλοιπες
BG,Βουλγαρία,DOM,Εντός της χώρας,2022-01-01,223.42,59.17,3.8,True,False,False,False,Υπόλοιπες
BG,Βουλγαρία,DOM,Εντός της χώρας,2023-01-01,237.49,58.69,4.0,True,False,False,False,Υπόλοιπες
BG,Βουλγαρία,DOM,Εντός της χώρας,2024-01-01,259.11,67.42,3.8,True,False,False,False,Υπόλοιπες
CY,Κύπρος,DOM,Εντός της χώρας,2012-01-01,70.76,22.07,3.2,True,True,False,False,Υπόλοιπες
CY,Κύπρος,DOM,Εντός της χώρας,2013-01-01,133.29,36.91,3.6,True,True,False,False,Υπόλοιπες
CY,Κύπρος,DOM,Εντός της χώρας,2014-01-01,147.08,42.16,3.5,True,True,False,False,Υπόλοιπες
CY,Κύπρος,DOM,Εντός της χώρας,2015-01-01,114.88,44.16,2.6,True,True,False,False,Υπόλοιπες
CY,Κύπρος,DOM,Εντός της χώρας,2016-01-01,120.88,43.38,2.8,True,True,False,False,Υπόλοιπες
CY,Κύπρος,DOM,Εντός της χώρας,2017-01-01,136.05,50.95,2.7,True,True,False,False,Υπόλοιπες
CY,Κύπρος,DOM,Εντός της χώρας,2018-01-01,120.59,51.25,2.4,True,True,False,False,Υπόλοιπες
CY,Κύπρος,DOM,Εντός της χώρας,2019-01-01,128.33,53.09,2.4,True,True,False,False,Υπόλοιπες
CY,Κύπρος,DOM,Εντός της χώρας,2020-01-01,145.21,53.36,2.7,True,True,False,False,Υπόλοιπες
CY,Κύπρος,DOM,Εντός της χώρας,2021-01-01,139.41,53.61,2.6,True,True,False,False,Υπόλοιπες
CY,Κύπρος,DOM,Εντός της χώρας,2022-01-01,154.78,57.5,2.7,True,True,False,False,Υπόλοιπες
CY,Κύπρος,DOM,Εντός της χώρας,2023-01-01,186.73,66.62,2.8,True,True,False,False,Υπόλοιπες
CY,Κύπρος,DOM,Εντός της χώρας,2024-01-01,183.86,62.23,3.0,True,True,False,False,Υπόλοιπες
CZ,Τσεχία,DOM,Εντός της χώρας,2012-01-01,55.63,15.51,3.6,True,False,False,False,Υπόλοιπες
CZ,Τσεχία,DOM,Εντός της χώρας,2013-01-01,57.75,15.78,3.7,True,False,False,False,Υπόλοιπες
CZ,Τσεχία,DOM,Εντός της χώρας,2014-01-01,50.21,13.69,3.7,True,False,False,False,Υπόλοιπες
CZ,Τσεχία,DOM,Εντός της χώρας,2015-01-01,64.87,17.64,3.7,True,False,False,False,Υπόλοιπες
CZ,Τσεχία,DOM,Εντός της χώρας,2016-01-01,66.5,18.01,3.7,True,False,False,False,Υπόλοιπες
CZ,Τσεχία,DOM,Εντός της χώρας,2017-01-01,70.07,19.89,3.5,True,False,False,False,Υπόλοιπες
CZ,Τσεχία,DOM,Εντός της χώρας,2018-01-01,72.38,20.74,3.5,True,False,False,False,Υπόλοιπες
CZ,Τσεχία,DOM,Εντός της χώρας,2019-01-01,78.75,21.19,3.7,True,False,False,False,Υπόλοιπες
CZ,Τσεχία,DOM,Εντός της χώρας,2020-01-01,80.8,19.35,4.2,True,False,False,False,Υπόλοιπες
CZ,Τσεχία,DOM,Εντός της χώρας,2021-01-01,84.3,21.08,4.0,True,False,False,False,Υπόλοιπες
CZ,Τσεχία,DOM,Εντός της χώρας,2022-01-01,99.68,28.14,3.5,True,False,False,False,Υπόλοιπες
CZ,Τσεχία,DOM,Εντός της χώρας,2023-01-01,119.14,30.8,3.9,True,False,False,False,Υπόλοιπες
CZ,Τσεχία,DOM,Εντός της χώρας,2024-01-01,105.29,28.86,3.6,True,False,False,False,Υπόλοιπες
DE,Γερμανία,DOM,Εντός της χώρας,2012-01-01,238.83,63.91,3.7,True,False,False,False,Υπόλοιπες
DE,Γερμανία,DOM,Εντός της χώρας,2013-01-01,243.97,65.06,3.7,True,False,False,False,Υπόλοιπες
DE,Γερμανία,DOM,Εντός της χώρας,2014-01-01,246.47,63.07,3.9,True,False,False,False,Υπόλοιπες
DE,Γερμανία,DOM,Εντός της χώρας,2015-01-01,232.94,59.79,3.9,True,False,False,False,Υπόλοιπες
DE,Γερμανία,DOM,Εντός της χώρας,2016-01-01,237.76,62.55,3.8,True,False,False,False,Υπόλοιπες
DE,Γερμανία,DOM,Εντός της χώρας,2017-01-01,259.96,66.93,3.9,True,False,False,False,Υπόλοιπες
DE,Γερμανία,DOM,Εντός της χώρας,2018-01-01,312.13,78.83,4.0,True,False,False,False,Υπόλοιπες
DE,Γερμανία,DOM,Εντός της χώρας,2019-01-01,313.58,81.03,3.9,True,False,False,False,Υπόλοιπες
DE,Γερμανία,DOM,Εντός της χώρας,2020-01-01,273.75,61.8,4.4,True,False,False,False,Υπόλοιπες
DE,Γερμανία,DOM,Εντός της χώρας,2021-01-01,285.43,72.33,3.9,True,False,False,False,Υπόλοιπες
DE,Γερμανία,DOM,Εντός της χώρας,2022-01-01,347.02,83.55,4.2,True,False,False,False,Υπόλοιπες
DE,Γερμανία,DOM,Εντός της χώρας,2023-01-01,364.29,95.4,3.8,True,False,False,False,Υπόλοιπες
DE,Γερμανία,DOM,Εντός της χώρας,2024-01-01,373.97,98.05,3.8,True,False,False,False,Υπόλοιπες
DK,Δανία,DOM,Εντός της χώρας,2012-01-01,124.95,52.5,2.4,True,False,False,False,Υπόλοιπες
DK,Δανία,DOM,Εντός της χώρας,2013-01-01,196.47,86.68,2.3,True,False,False,False,Υπόλοιπες
DK,Δανία,DOM,Εντός της χώρας,2014-01-01,232.79,93.38,2.5,True,False,False,False,Υπόλοιπες
DK,Δανία,DOM,Εντός της χώρας,2015-01-01,201.24,73.61,2.7,True,False,False,False,Υπόλοιπες
DK,Δανία,DOM,Εντός της χώρας,2016-01-01,233.09,98.14,2.4,True,False,False,False,Υπόλοιπες
DK,Δανία,DOM,Εντός της χώρας,2017-01-01,334.89,129.18,2.6,True,False,False,False,Υπόλοιπες
DK,Δανία,DOM,Εντός της χώρας,2018-01-01,413.33,117.33,3.5,True,False,False,False,Υπόλοιπες
DK,Δανία,DOM,Εντός της χώρας,2019-01-01,271.06,82.65,3.3,True,False,False,False,Υπόλοιπες
DK,Δανία,DOM,Εντός της χώρας,2020-01-01,210.05,63.89,3.3,True,False,False,False,Υπόλοιπες
DK,Δανία,DOM,Εντός της χώρας,2021-01-01,198.19,61.8,3.2,True,False,False,False,Υπόλοιπες
DK,Δανία,DOM,Εντός της χώρας,2022-01-01,193.18,63.53,3.0,True,False,False,False,Υπόλοιπες
DK,Δανία,DOM,Εντός της χώρας,2023-01-01,164.97,54.03,3.1,True,False,False,False,Υπόλοιπες
DK,Δανία,DOM,Εντός της χώρας,2024-01-01,141.97,48.43,2.9,True,False,False,False,Υπόλοιπες
EE,Εσθονία,DOM,Εντός της χώρας,2012-01-01,59.56,21.28,2.8,True,False,False,False,Υπόλοιπες
EE,Εσθονία,DOM,Εντός της χώρας,2013-01-01,61.12,27.54,2.2,True,False,False,False,Υπόλοιπες
EE,Εσθονία,DOM,Εντός της χώρας,2014-01-01,61.19,29.03,2.1,True,False,False,False,Υπόλοιπες
EE,Εσθονία,DOM,Εντός της χώρας,2015-01-01,76.96,35.03,2.2,True,False,False,False,Υπόλοιπες
EE,Εσθονία,DOM,Εντός της χώρας,2016-01-01,70.8,35.14,2.0,True,False,False,False,Υπόλοιπες
EE,Εσθονία,DOM,Εντός της χώρας,2017-01-01,79.28,37.96,2.1,True,False,False,False,Υπόλοιπες
EE,Εσθονία,DOM,Εντός της χώρας,2018-01-01,124.82,65.44,1.9,True,False,False,False,Υπόλοιπες
EE,Εσθονία,DOM,Εντός της χώρας,2019-01-01,131.36,67.14,2.0,True,False,False,False,Υπόλοιπες
EE,Εσθονία,DOM,Εντός της χώρας,2020-01-01,152.83,72.15,2.1,True,False,False,False,Υπόλοιπες
EE,Εσθονία,DOM,Εντός της χώρας,2021-01-01,176.5,77.25,2.3,True,False,False,False,Υπόλοιπες
EE,Εσθονία,DOM,Εντός της χώρας,2022-01-01,164.78,81.67,2.0,True,False,False,False,Υπόλοιπες
EE,Εσθονία,DOM,Εντός της χώρας,2023-01-01,178.48,88.01,2.0,True,False,False,False,Υπόλοιπες
EE,Εσθονία,DOM,Εντός της χώρας,2024-01-01,179.86,85.25,2.1,True,False,False,False,Υπόλοιπες
EL,Ελλάδα,DOM,Εντός της χώρας,2012-01-01,182.31,25.21,7.2,True,True,True,False,Ελλάδα
EL,Ελλάδα,DOM,Εντός της χώρας,2013-01-01,258.54,24.88,10.4,True,True,True,False,Ελλάδα
EL,Ελλάδα,DOM,Εντός της χώρας,2014-01-01,251.83,25.27,10.0,True,True,True,False,Ελλάδα
EL,Ελλάδα,DOM,Εντός της χώρας,2015-01-01,260.27,25.9,10.1,True,True,True,False,Ελλάδα
EL,Ελλάδα,DOM,Εντός της χώρας,2016-01-01,279.58,27.64,10.1,True,True,True,False,Ελλάδα
EL,Ελλάδα,DOM,Εντός της χώρας,2017-01-01,263.11,26.01,10.1,True,True,True,False,Ελλάδα
EL,Ελλάδα,DOM,Εντός της χώρας,2018-01-01,309.81,28.7,10.8,True,True,True,False,Ελλάδα
EL,Ελλάδα,DOM,Εντός της χώρας,2019-01-01,321.65,29.63,10.9,True,True,True,False,Ελλάδα
EL,Ελλάδα,DOM,Εντός της χώρας,2020-01-01,324.19,26.63,12.2,True,True,True,False,Ελλάδα
EL,Ελλάδα,DOM,Εντός της χώρας,2021-01-01,364.54,31.05,11.7,True,True,True,False,Ελλάδα
EL,Ελλάδα,DOM,Εντός της χώρας,2022-01-01,386.15,38.09,10.1,True,True,True,False,Ελλάδα
EL,Ελλάδα,DOM,Εντός της χώρας,2023-01-01,390.63,39.8,9.8,True,True,True,False,Ελλάδα
EL,Ελλάδα,DOM,Εντός της χώρας,2024-01-01,401.79,39.72,10.1,True,True,True,False,Ελλάδα
ES,Ισπανία,DOM,Εντός της χώρας,2012-01-01,136.29,30.67,4.4,True,True,False,False,Υπόλοιπες
ES,Ισπανία,DOM,Εντός της χώρας,2013-01-01,144.72,30.84,4.7,True,True,False,False,Υπόλοιπες
ES,Ισπανία,DOM,Εντός της χώρας,2014-01-01,144.62,31.75,4.6,True,True,False,False,Υπόλοιπες
ES,Ισπανία,DOM,Εντός της χώρας,2015-01-01,165.2,42.29,3.9,True,True,False,False,Υπόλοιπες
ES,Ισπανία,DOM,Εντός της χώρας,2016-01-01,171.47,43.84,3.9,True,True,False,False,Υπόλοιπες
ES,Ισπανία,DOM,Εντός της χώρας,2017-01-01,174.42,46.03,3.8,True,True,False,False,Υπόλοιπες
ES,Ισπανία,DOM,Εντός της χώρας,2018-01-01,178.98,48.53,3.7,True,True,False,False,Υπόλοιπες
ES,Ισπανία,DOM,Εντός της χώρας,2019-01-01,188.86,49.79,3.8,True,True,False,False,Υπόλοιπες
ES,Ισπανία,DOM,Εντός της χώρας,2020-01-01,188.75,39.59,4.8,True,True,False,False,Υπόλοιπες
ES,Ισπανία,DOM,Εντός της χώρας,2021-01-01,204.76,49.4,4.1,True,True,False,False,Υπόλοιπες
ES,Ισπανία,DOM,Εντός της χώρας,2022-01-01,232.9,58.44,4.0,True,True,False,False,Υπόλοιπες
ES,Ισπανία,DOM,Εντός της χώρας,2023-01-01,250.49,63.37,4.0,True,True,False,False,Υπόλοιπες
ES,Ισπανία,DOM,Εντός της χώρας,2024-01-01,258.08,65.05,4.0,True,True,False,False,Υπόλοιπες
EU27_2020,Ευρωπαϊκή Ένωση (27),DOM,Εντός της χώρας,2012-01-01,191.61,43.81,4.4,False,False,False,True,ΕΕ27
EU27_2020,Ευρωπαϊκή Ένωση (27),DOM,Εντός της χώρας,2013-01-01,196.14,44.11,4.4,False,False,False,True,ΕΕ27
EU27_2020,Ευρωπαϊκή Ένωση (27),DOM,Εντός της χώρας,2014-01-01,192.28,43.86,4.4,False,False,False,True,ΕΕ27
EU27_2020,Ευρωπαϊκή Ένωση (27),DOM,Εντός της χώρας,2015-01-01,197.28,46.38,4.3,False,False,False,True,ΕΕ27
EU27_2020,Ευρωπαϊκή Ένωση (27),DOM,Εντός της χώρας,2016-01-01,201.98,47.92,4.2,False,False,False,True,ΕΕ27
EU27_2020,Ευρωπαϊκή Ένωση (27),DOM,Εντός της χώρας,2017-01-01,221.71,53.41,4.2,False,False,False,True,ΕΕ27
EU27_2020,Ευρωπαϊκή Ένωση (27),DOM,Εντός της χώρας,2018-01-01,233.22,55.87,4.2,False,False,False,True,ΕΕ27
EU27_2020,Ευρωπαϊκή Ένωση (27),DOM,Εντός της χώρας,2019-01-01,233.75,56.57,4.1,False,False,False,True,ΕΕ27
EU27_2020,Ευρωπαϊκή Ένωση (27),DOM,Εντός της χώρας,2020-01-01,225.79,49.12,4.6,False,False,False,True,ΕΕ27
EU27_2020,Ευρωπαϊκή Ένωση (27),DOM,Εντός της χώρας,2021-01-01,235.03,54.78,4.3,False,False,False,True,ΕΕ27
EU27_2020,Ευρωπαϊκή Ένωση (27),DOM,Εντός της χώρας,2022-01-01,264.02,63.38,4.2,False,False,False,True,ΕΕ27
EU27_2020,Ευρωπαϊκή Ένωση (27),DOM,Εντός της χώρας,2023-01-01,274.04,67.45,4.1,False,False,False,True,ΕΕ27
EU27_2020,Ευρωπαϊκή Ένωση (27),DOM,Εντός της χώρας,2024-01-01,289.88,71.86,4.0,False,False,False,True,ΕΕ27
FI,Φινλανδία,DOM,Εντός της χώρας,2012-01-01,178.74,65.13,2.7,True,False,False,False,Υπόλοιπες
FI,Φινλανδία,DOM,Εντός της χώρας,2013-01-01,176.29,61.84,2.9,True,False,False,False,Υπόλοιπες
FI,Φινλανδία,DOM,Εντός της χώρας,2014-01-01,172.13,60.41,2.8,True,False,False,False,Υπόλοιπες
FI,Φινλανδία,DOM,Εντός της χώρας,2015-01-01,172.56,61.22,2.8,True,False,False,False,Υπόλοιπες
FI,Φινλανδία,DOM,Εντός της χώρας,2016-01-01,168.27,59.48,2.8,True,False,False,False,Υπόλοιπες
FI,Φινλανδία,DOM,Εντός της χώρας,2017-01-01,167.41,60.31,2.8,True,False,False,False,Υπόλοιπες
FI,Φινλανδία,DOM,Εντός της χώρας,2018-01-01,180.22,64.39,2.8,True,False,False,False,Υπόλοιπες
FI,Φινλανδία,DOM,Εντός της χώρας,2019-01-01,177.68,61.37,2.9,True,False,False,False,Υπόλοιπες
FI,Φινλανδία,DOM,Εντός της χώρας,2020-01-01,183.52,47.01,3.9,True,False,False,False,Υπόλοιπες
FI,Φινλανδία,DOM,Εντός της χώρας,2021-01-01,172.79,49.15,3.5,True,False,False,False,Υπόλοιπες
FI,Φινλανδία,DOM,Εντός της χώρας,2022-01-01,210.69,61.13,3.4,True,False,False,False,Υπόλοιπες
FI,Φινλανδία,DOM,Εντός της χώρας,2023-01-01,220.99,65.04,3.4,True,False,False,False,Υπόλοιπες
FI,Φινλανδία,DOM,Εντός της χώρας,2024-01-01,204.43,62.1,3.3,True,False,False,False,Υπόλοιπες
FR,Γαλλία,DOM,Εντός της χώρας,2012-01-01,246.24,46.19,5.3,True,False,False,False,Υπόλοιπες
FR,Γαλλία,DOM,Εντός της χώρας,2013-01-01,248.56,46.33,5.4,True,False,False,False,Υπόλοιπες
FR,Γαλλία,DOM,Εντός της χώρας,2014-01-01,255.47,47.9,5.3,True,False,False,False,Υπόλοιπες
FR,Γαλλία,DOM,Εντός της χώρας,2015-01-01,261.07,48.47,5.4,True,False,False,False,Υπόλοιπες
FR,Γαλλία,DOM,Εντός της χώρας,2016-01-01,266.43,49.63,5.4,True,False,False,False,Υπόλοιπες
FR,Γαλλία,DOM,Εντός της χώρας,2017-01-01,272.93,55.41,4.9,True,False,False,False,Υπόλοιπες
FR,Γαλλία,DOM,Εντός της χώρας,2018-01-01,291.28,58.14,5.0,True,False,False,False,Υπόλοιπες
FR,Γαλλία,DOM,Εντός της χώρας,2019-01-01,278.03,57.7,4.8,True,False,False,False,Υπόλοιπες
FR,Γαλλία,DOM,Εντός της χώρας,2020-01-01,291.46,55.42,5.3,True,False,False,False,Υπόλοιπες
FR,Γαλλία,DOM,Εντός της χώρας,2021-01-01,280.62,58.43,4.8,True,False,False,False,Υπόλοιπες
FR,Γαλλία,DOM,Εντός της χώρας,2022-01-01,304.58,66.16,4.6,True,False,False,False,Υπόλοιπες
FR,Γαλλία,DOM,Εντός της χώρας,2023-01-01,290.64,64.52,4.5,True,False,False,False,Υπόλοιπες
FR,Γαλλία,DOM,Εντός της χώρας,2024-01-01,296.59,64.54,4.6,True,False,False,False,Υπόλοιπες
HR,Κροατία,DOM,Εντός της χώρας,2012-01-01,137.51,26.97,5.1,True,False,False,False,Υπόλοιπες
HR,Κροατία,DOM,Εντός της χώρας,2013-01-01,146.91,29.28,5.0,True,False,False,False,Υπόλοιπες
HR,Κροατία,DOM,Εντός της χώρας,2014-01-01,119.4,22.48,5.3,True,False,False,False,Υπόλοιπες
HR,Κροατία,DOM,Εντός της χώρας,2015-01-01,147.64,23.9,6.2,True,False,False,False,Υπόλοιπες
HR,Κροατία,DOM,Εντός της χώρας,2016-01-01,162.67,24.67,6.6,True,False,False,False,Υπόλοιπες
HR,Κροατία,DOM,Εντός της χώρας,2017-01-01,183.6,26.99,6.8,True,False,False,False,Υπόλοιπες
HR,Κροατία,DOM,Εντός της χώρας,2018-01-01,184.55,31.82,5.8,True,False,False,False,Υπόλοιπες
HR,Κροατία,DOM,Εντός της χώρας,2019-01-01,175.78,30.52,5.8,True,False,False,False,Υπόλοιπες
HR,Κροατία,DOM,Εντός της χώρας,2020-01-01,179.48,28.57,6.3,True,False,False,False,Υπόλοιπες
HR,Κροατία,DOM,Εντός της χώρας,2021-01-01,221.93,36.9,6.0,True,False,False,False,Υπόλοιπες
HR,Κροατία,DOM,Εντός της χώρας,2022-01-01,248.83,38.61,6.4,True,False,False,False,Υπόλοιπες
HR,Κροατία,DOM,Εντός της χώρας,2023-01-01,280.21,45.84,6.1,True,False,False,False,Υπόλοιπες
HR,Κροατία,DOM,Εντός της χώρας,2024-01-01,343.07,60.84,5.6,True,False,False,False,Υπόλοιπες
HU,Ουγγαρία,DOM,Εντός της χώρας,2012-01-01,55.63,17.65,3.2,True,False,False,False,Υπόλοιπες
HU,Ουγγαρία,DOM,Εντός της χώρας,2013-01-01,64.49,20.0,3.2,True,False,False,False,Υπόλοιπες
HU,Ουγγαρία,DOM,Εντός της χώρας,2014-01-01,67.14,21.39,3.1,True,False,False,False,Υπόλοιπες
HU,Ουγγαρία,DOM,Εντός της χώρας,2015-01-01,67.39,22.07,3.1,True,False,False,False,Υπόλοιπες
HU,Ουγγαρία,DOM,Εντός της χώρας,2016-01-01,70.25,22.96,3.1,True,False,False,False,Υπόλοιπες
HU,Ουγγαρία,DOM,Εντός της χώρας,2017-01-01,77.06,25.71,3.0,True,False,False,False,Υπόλοιπες
HU,Ουγγαρία,DOM,Εντός της χώρας,2018-01-01,79.66,25.22,3.2,True,False,False,False,Υπόλοιπες
HU,Ουγγαρία,DOM,Εντός της χώρας,2019-01-01,87.79,27.99,3.1,True,False,False,False,Υπόλοιπες
HU,Ουγγαρία,DOM,Εντός της χώρας,2020-01-01,102.62,29.97,3.4,True,False,False,False,Υπόλοιπες
HU,Ουγγαρία,DOM,Εντός της χώρας,2021-01-01,99.86,31.04,3.2,True,False,False,False,Υπόλοιπες
HU,Ουγγαρία,DOM,Εντός της χώρας,2022-01-01,108.1,36.78,2.9,True,False,False,False,Υπόλοιπες
HU,Ουγγαρία,DOM,Εντός της χώρας,2023-01-01,134.11,44.03,3.0,True,False,False,False,Υπόλοιπες
HU,Ουγγαρία,DOM,Εντός της χώρας,2024-01-01,144.82,48.22,3.0,True,False,False,False,Υπόλοιπες
IE,Ιρλανδία,DOM,Εντός της χώρας,2012-01-01,191.86,68.09,2.8,True,True,False,False,Υπόλοιπες
IE,Ιρλανδία,DOM,Εντός της χώρας,2013-01-01,184.82,67.18,2.8,True,True,False,False,Υπόλοιπες
IE,Ιρλανδία,DOM,Εντός της χώρας,2014-01-01,195.89,70.24,2.8,True,True,False,False,Υπόλοιπες
IE,Ιρλανδία,DOM,Εντός της χώρας,2015-01-01,195.54,73.93,2.6,True,True,False,False,Υπόλοιπες
IE,Ιρλανδία,DOM,Εντός της χώρας,2016-01-01,199.42,76.07,2.6,True,True,False,False,Υπόλοιπες
IE,Ιρλανδία,DOM,Εντός της χώρας,2017-01-01,196.46,76.5,2.6,True,True,False,False,Υπόλοιπες
IE,Ιρλανδία,DOM,Εντός της χώρας,2018-01-01,185.8,73.33,2.5,True,True,False,False,Υπόλοιπες
IE,Ιρλανδία,DOM,Εντός της χώρας,2019-01-01,195.38,78.37,2.5,True,True,False,False,Υπόλοιπες
IE,Ιρλανδία,DOM,Εντός της χώρας,2020-01-01,204.05,69.0,3.0,True,True,False,False,Υπόλοιπες
IE,Ιρλανδία,DOM,Εντός της χώρας,2021-01-01,239.75,77.93,3.1,True,True,False,False,Υπόλοιπες
IE,Ιρλανδία,DOM,Εντός της χώρας,2022-01-01,222.74,89.97,2.5,True,True,False,False,Υπόλοιπες
IE,Ιρλανδία,DOM,Εντός της χώρας,2023-01-01,227.76,94.08,2.4,True,True,False,False,Υπόλοιπες
IE,Ιρλανδία,DOM,Εντός της χώρας,2024-01-01,230.14,102.37,2.2,True,True,False,False,Υπόλοιπες
IT,Ιταλία,DOM,Εντός της χώρας,2012-01-01,318.14,50.94,6.2,True,True,False,False,Υπόλοιπες
IT,Ιταλία,DOM,Εντός της χώρας,2013-01-01,313.54,47.97,6.5,True,True,False,False,Υπόλοιπες
IT,Ιταλία,DOM,Εντός της χώρας,2014-01-01,247.8,45.46,5.5,True,True,False,False,Υπόλοιπες
IT,Ιταλία,DOM,Εντός της χώρας,2015-01-01,294.66,54.66,5.4,True,True,False,False,Υπόλοιπες
IT,Ιταλία,DOM,Εντός της χώρας,2016-01-01,301.05,57.96,5.2,True,True,False,False,Υπόλοιπες
IT,Ιταλία,DOM,Εντός της χώρας,2017-01-01,328.49,59.57,5.5,True,True,False,False,Υπόλοιπες
IT,Ιταλία,DOM,Εντός της χώρας,2018-01-01,296.49,58.93,5.0,True,True,False,False,Υπόλοιπες
IT,Ιταλία,DOM,Εντός της χώρας,2019-01-01,325.9,60.95,5.3,True,True,False,False,Υπόλοιπες
IT,Ιταλία,DOM,Εντός της χώρας,2020-01-01,342.05,58.13,5.9,True,True,False,False,Υπόλοιπες
IT,Ιταλία,DOM,Εντός της χώρας,2021-01-01,380.01,58.96,6.4,True,True,False,False,Υπόλοιπες
IT,Ιταλία,DOM,Εντός της χώρας,2022-01-01,381.34,63.71,6.0,True,True,False,False,Υπόλοιπες
IT,Ιταλία,DOM,Εντός της χώρας,2023-01-01,401.12,69.16,5.8,True,True,False,False,Υπόλοιπες
IT,Ιταλία,DOM,Εντός της χώρας,2024-01-01,420.07,68.89,6.1,True,True,False,False,Υπόλοιπες
LT,Λιθουανία,DOM,Εντός της χώρας,2012-01-01,46.39,16.58,2.8,True,False,False,False,Υπόλοιπες
LT,Λιθουανία,DOM,Εντός της χώρας,2013-01-01,47.24,16.78,2.8,True,False,False,False,Υπόλοιπες
LT,Λιθουανία,DOM,Εντός της χώρας,2014-01-01,50.43,18.53,2.7,True,False,False,False,Υπόλοιπες
LT,Λιθουανία,DOM,Εντός της χώρας,2015-01-01,58.39,20.96,2.8,True,False,False,False,Υπόλοιπες
LT,Λιθουανία,DOM,Εντός της χώρας,2016-01-01,65.1,23.17,2.8,True,False,False,False,Υπόλοιπες
LT,Λιθουανία,DOM,Εντός της χώρας,2017-01-01,70.73,24.68,2.9,True,False,False,False,Υπόλοιπες
LT,Λιθουανία,DOM,Εντός της χώρας,2018-01-01,72.9,25.69,2.8,True,False,False,False,Υπόλοιπες
LT,Λιθουανία,DOM,Εντός της χώρας,2019-01-01,70.72,26.11,2.7,True,False,False,False,Υπόλοιπες
LT,Λιθουανία,DOM,Εντός της χώρας,2020-01-01,83.19,32.71,2.5,True,False,False,False,Υπόλοιπες
LT,Λιθουανία,DOM,Εντός της χώρας,2021-01-01,87.39,35.42,2.5,True,False,False,False,Υπόλοιπες
LT,Λιθουανία,DOM,Εντός της χώρας,2022-01-01,102.7,45.27,2.3,True,False,False,False,Υπόλοιπες
LT,Λιθουανία,DOM,Εντός της χώρας,2023-01-01,107.65,46.54,2.3,True,False,False,False,Υπόλοιπες
LT,Λιθουανία,DOM,Εντός της χώρας,2024-01-01,104.4,45.76,2.3,True,False,False,False,Υπόλοιπες
LU,Λουξεμβούργο,DOM,Εντός της χώρας,2012-01-01,139.58,52.58,2.7,True,False,False,False,Υπόλοιπες
LU,Λουξεμβούργο,DOM,Εντός της χώρας,2013-01-01,186.25,90.69,2.1,True,False,False,False,Υπόλοιπες
LU,Λουξεμβούργο,DOM,Εντός της χώρας,2014-01-01,434.82,168.55,2.6,True,False,False,False,Υπόλοιπες
LU,Λουξεμβούργο,DOM,Εντός της χώρας,2015-01-01,477.8,111.39,4.3,True,False,False,False,Υπόλοιπες
LU,Λουξεμβούργο,DOM,Εντός της χώρας,2016-01-01,549.0,100.43,5.5,True,False,False,False,Υπόλοιπες
LU,Λουξεμβούργο,DOM,Εντός της χώρας,2017-01-01,213.47,47.45,4.5,True,False,False,False,Υπόλοιπες
LU,Λουξεμβούργο,DOM,Εντός της χώρας,2018-01-01,223.95,59.93,3.7,True,False,False,False,Υπόλοιπες
LU,Λουξεμβούργο,DOM,Εντός της χώρας,2019-01-01,265.03,88.97,3.0,True,False,False,False,Υπόλοιπες
LU,Λουξεμβούργο,DOM,Εντός της χώρας,2020-01-01,251.91,86.72,2.9,True,False,False,False,Υπόλοιπες
LU,Λουξεμβούργο,DOM,Εντός της χώρας,2021-01-01,261.0,65.6,4.0,True,False,False,False,Υπόλοιπες
LU,Λουξεμβούργο,DOM,Εντός της χώρας,2022-01-01,463.63,97.45,4.8,True,False,False,False,Υπόλοιπες
LU,Λουξεμβούργο,DOM,Εντός της χώρας,2023-01-01,379.33,107.35,3.5,True,False,False,False,Υπόλοιπες
LU,Λουξεμβούργο,DOM,Εντός της χώρας,2024-01-01,348.66,94.77,3.7,True,False,False,False,Υπόλοιπες
LV,Λετονία,DOM,Εντός της χώρας,2012-01-01,33.74,15.97,2.1,True,False,False,False,Υπόλοιπες
LV,Λετονία,DOM,Εντός της χώρας,2013-01-01,38.87,16.94,2.3,True,False,False,False,Υπόλοιπες
LV,Λετονία,DOM,Εντός της χώρας,2014-01-01,36.76,14.2,2.6,True,False,False,False,Υπόλοιπες
LV,Λετονία,DOM,Εντός της χώρας,2015-01-01,39.28,17.78,2.2,True,False,False,False,Υπόλοιπες
LV,Λετονία,DOM,Εντός της χώρας,2016-01-01,35.2,14.97,2.4,True,False,False,False,Υπόλοιπες
LV,Λετονία,DOM,Εντός της χώρας,2017-01-01,42.23,17.66,2.4,True,False,False,False,Υπόλοιπες
LV,Λετονία,DOM,Εντός της χώρας,2018-01-01,46.12,21.53,2.1,True,False,False,False,Υπόλοιπες
LV,Λετονία,DOM,Εντός της χώρας,2019-01-01,54.2,23.86,2.3,True,False,False,False,Υπόλοιπες
LV,Λετονία,DOM,Εντός της χώρας,2020-01-01,52.84,17.76,3.0,True,False,False,False,Υπόλοιπες
LV,Λετονία,DOM,Εντός της χώρας,2021-01-01,66.94,24.5,2.7,True,False,False,False,Υπόλοιπες
LV,Λετονία,DOM,Εντός της χώρας,2022-01-01,65.97,26.0,2.5,True,False,False,False,Υπόλοιπες
LV,Λετονία,DOM,Εντός της χώρας,2023-01-01,71.56,29.8,2.4,True,False,False,False,Υπόλοιπες
LV,Λετονία,DOM,Εντός της χώρας,2024-01-01,68.05,30.05,2.3,True,False,False,False,Υπόλοιπες
MT,Μάλτα,DOM,Εντός της χώρας,2012-01-01,127.02,43.6,2.9,True,False,False,False,Υπόλοιπες
MT,Μάλτα,DOM,Εντός της χώρας,2013-01-01,122.74,49.69,2.5,True,False,False,False,Υπόλοιπες
MT,Μάλτα,DOM,Εντός της χώρας,2014-01-01,149.44,58.68,2.5,True,False,False,False,Υπόλοιπες
MT,Μάλτα,DOM,Εντός της χώρας,2015-01-01,145.95,53.08,2.7,True,False,False,False,Υπόλοιπες
MT,Μάλτα,DOM,Εντός της χώρας,2016-01-01,161.34,60.62,2.7,True,False,False,False,Υπόλοιπες
MT,Μάλτα,DOM,Εντός της χώρας,2017-01-01,165.83,60.38,2.7,True,False,False,False,Υπόλοιπες
MT,Μάλτα,DOM,Εντός της χώρας,2018-01-01,166.28,62.59,2.7,True,False,False,False,Υπόλοιπες
MT,Μάλτα,DOM,Εντός της χώρας,2019-01-01,169.17,63.83,2.7,True,False,False,False,Υπόλοιπες
MT,Μάλτα,DOM,Εντός της χώρας,2020-01-01,159.11,53.46,3.0,True,False,False,False,Υπόλοιπες
MT,Μάλτα,DOM,Εντός της χώρας,2021-01-01,177.03,62.88,2.8,True,False,False,False,Υπόλοιπες
MT,Μάλτα,DOM,Εντός της χώρας,2022-01-01,170.52,62.45,2.7,True,False,False,False,Υπόλοιπες
MT,Μάλτα,DOM,Εντός της χώρας,2023-01-01,158.55,64.64,2.5,True,False,False,False,Υπόλοιπες
MT,Μάλτα,DOM,Εντός της χώρας,2024-01-01,167.08,63.4,2.6,True,False,False,False,Υπόλοιπες
NL,Ολλανδία,DOM,Εντός της χώρας,2012-01-01,97.44,25.3,3.9,True,False,False,False,Υπόλοιπες
NL,Ολλανδία,DOM,Εντός της χώρας,2013-01-01,103.27,26.8,3.9,True,False,False,False,Υπόλοιπες
NL,Ολλανδία,DOM,Εντός της χώρας,2014-01-01,114.56,30.05,3.8,True,False,False,False,Υπόλοιπες
NL,Ολλανδία,DOM,Εντός της χώρας,2015-01-01,125.32,31.7,4.0,True,False,False,False,Υπόλοιπες
NL,Ολλανδία,DOM,Εντός της χώρας,2016-01-01,133.05,32.79,4.1,True,False,False,False,Υπόλοιπες
NL,Ολλανδία,DOM,Εντός της χώρας,2017-01-01,138.33,33.28,4.2,True,False,False,False,Υπόλοιπες
NL,Ολλανδία,DOM,Εντός της χώρας,2018-01-01,166.44,38.64,4.3,True,False,False,False,Υπόλοιπες
NL,Ολλανδία,DOM,Εντός της χώρας,2019-01-01,148.49,34.98,4.2,True,False,False,False,Υπόλοιπες
NL,Ολλανδία,DOM,Εντός της χώρας,2020-01-01,118.72,26.27,4.5,True,False,False,False,Υπόλοιπες
NL,Ολλανδία,DOM,Εντός της χώρας,2021-01-01,199.7,52.34,3.8,True,False,False,False,Υπόλοιπες
NL,Ολλανδία,DOM,Εντός της χώρας,2022-01-01,212.91,52.41,4.1,True,False,False,False,Υπόλοιπες
NL,Ολλανδία,DOM,Εντός της χώρας,2023-01-01,223.31,54.52,4.1,True,False,False,False,Υπόλοιπες
NL,Ολλανδία,DOM,Εντός της χώρας,2024-01-01,225.67,62.69,3.6,True,False,False,False,Υπόλοιπες
PL,Πολωνία,DOM,Εντός της χώρας,2012-01-01,190.25,40.58,4.7,True,False,False,False,Υπόλοιπες
PL,Πολωνία,DOM,Εντός της χώρας,2013-01-01,174.4,37.06,4.7,True,False,False,False,Υπόλοιπες
PL,Πολωνία,DOM,Εντός της χώρας,2014-01-01,103.06,22.14,4.7,True,False,False,False,Υπόλοιπες
PL,Πολωνία,DOM,Εντός της χώρας,2015-01-01,112.59,23.97,4.7,True,False,False,False,Υπόλοιπες
PL,Πολωνία,DOM,Εντός της χώρας,2016-01-01,117.2,24.99,4.7,True,False,False,False,Υπόλοιπες
PL,Πολωνία,DOM,Εντός της χώρας,2017-01-01,126.1,26.86,4.7,True,False,False,False,Υπόλοιπες
PL,Πολωνία,DOM,Εντός της χώρας,2018-01-01,133.89,28.21,4.7,True,False,False,False,Υπόλοιπες
PL,Πολωνία,DOM,Εντός της χώρας,2019-01-01,140.56,29.92,4.7,True,False,False,False,Υπόλοιπες
PL,Πολωνία,DOM,Εντός της χώρας,2020-01-01,142.2,29.71,4.8,True,False,False,False,Υπόλοιπες
PL,Πολωνία,DOM,Εντός της χώρας,2021-01-01,149.13,31.32,4.8,True,False,False,False,Υπόλοιπες
PL,Πολωνία,DOM,Εντός της χώρας,2022-01-01,169.91,36.35,4.7,True,False,False,False,Υπόλοιπες
PL,Πολωνία,DOM,Εντός της χώρας,2023-01-01,186.01,40.82,4.6,True,False,False,False,Υπόλοιπες
PL,Πολωνία,DOM,Εντός της χώρας,2024-01-01,210.74,46.58,4.5,True,False,False,False,Υπόλοιπες
PT,Πορτογαλία,DOM,Εντός της χώρας,2012-01-01,84.4,22.09,3.8,True,True,False,False,Υπόλοιπες
PT,Πορτογαλία,DOM,Εντός της χώρας,2013-01-01,79.8,18.04,4.4,True,True,False,False,Υπόλοιπες
PT,Πορτογαλία,DOM,Εντός της χώρας,2014-01-01,103.24,26.83,3.8,True,True,False,False,Υπόλοιπες
PT,Πορτογαλία,DOM,Εντός της χώρας,2015-01-01,112.61,29.91,3.8,True,True,False,False,Υπόλοιπες
PT,Πορτογαλία,DOM,Εντός της χώρας,2016-01-01,104.59,28.57,3.7,True,True,False,False,Υπόλοιπες
PT,Πορτογαλία,DOM,Εντός της χώρας,2017-01-01,113.06,30.95,3.7,True,True,False,False,Υπόλοιπες
PT,Πορτογαλία,DOM,Εντός της χώρας,2018-01-01,122.38,34.32,3.6,True,True,False,False,Υπόλοιπες
PT,Πορτογαλία,DOM,Εντός της χώρας,2019-01-01,134.66,37.21,3.6,True,True,False,False,Υπόλοιπες
PT,Πορτογαλία,DOM,Εντός της χώρας,2020-01-01,161.06,33.55,4.8,True,True,False,False,Υπόλοιπες
PT,Πορτογαλία,DOM,Εντός της χώρας,2021-01-01,174.52,38.53,4.5,True,True,False,False,Υπόλοιπες
PT,Πορτογαλία,DOM,Εντός της χώρας,2022-01-01,166.64,44.27,3.8,True,True,False,False,Υπόλοιπες
PT,Πορτογαλία,DOM,Εντός της χώρας,2023-01-01,167.12,44.99,3.7,True,True,False,False,Υπόλοιπες
PT,Πορτογαλία,DOM,Εντός της χώρας,2024-01-01,180.59,49.43,3.7,True,True,False,False,Υπόλοιπες
RO,Ρουμανία,DOM,Εντός της χώρας,2012-01-01,86.85,23.06,3.8,True,False,False,False,Υπόλοιπες
RO,Ρουμανία,DOM,Εντός της χώρας,2013-01-01,88.5,24.24,3.7,True,False,False,False,Υπόλοιπες
RO,Ρουμανία,DOM,Εντός της χώρας,2014-01-01,89.77,24.98,3.6,True,False,False,False,Υπόλοιπες
RO,Ρουμανία,DOM,Εντός της χώρας,2015-01-01,98.69,28.45,3.5,True,False,False,False,Υπόλοιπες
RO,Ρουμανία,DOM,Εντός της χώρας,2016-01-01,106.7,31.12,3.4,True,False,False,False,Υπόλοιπες
RO,Ρουμανία,DOM,Εντός της χώρας,2017-01-01,112.28,32.78,3.4,True,False,False,False,Υπόλοιπες
RO,Ρουμανία,DOM,Εντός της χώρας,2018-01-01,124.2,36.26,3.4,True,False,False,False,Υπόλοιπες
RO,Ρουμανία,DOM,Εντός της χώρας,2019-01-01,145.56,41.71,3.5,True,False,False,False,Υπόλοιπες
RO,Ρουμανία,DOM,Εντός της χώρας,2020-01-01,139.71,40.04,3.5,True,False,False,False,Υπόλοιπες
RO,Ρουμανία,DOM,Εντός της χώρας,2021-01-01,155.6,44.92,3.5,True,False,False,False,Υπόλοιπες
RO,Ρουμανία,DOM,Εντός της χώρας,2022-01-01,203.37,60.85,3.3,True,False,False,False,Υπόλοιπες
RO,Ρουμανία,DOM,Εντός της χώρας,2023-01-01,200.94,61.02,3.3,True,False,False,False,Υπόλοιπες
RO,Ρουμανία,DOM,Εντός της χώρας,2024-01-01,231.93,66.85,3.5,True,False,False,False,Υπόλοιπες
SE,Σουηδία,DOM,Εντός της χώρας,2014-01-01,113.62,33.81,3.4,True,False,False,False,Υπόλοιπες
SE,Σουηδία,DOM,Εντός της χώρας,2015-01-01,127.56,36.3,3.5,True,False,False,False,Υπόλοιπες
SE,Σουηδία,DOM,Εντός της χώρας,2016-01-01,130.38,37.06,3.5,True,False,False,False,Υπόλοιπες
SE,Σουηδία,DOM,Εντός της χώρας,2017-01-01,374.58,99.58,3.8,True,False,False,False,Υπόλοιπες
SE,Σουηδία,DOM,Εντός της χώρας,2018-01-01,264.77,74.55,3.6,True,False,False,False,Υπόλοιπες
SE,Σουηδία,DOM,Εντός της χώρας,2019-01-01,290.71,81.69,3.6,True,False,False,False,Υπόλοιπες
SE,Σουηδία,DOM,Εντός της χώρας,2020-01-01,177.09,54.61,3.2,True,False,False,False,Υπόλοιπες
SE,Σουηδία,DOM,Εντός της χώρας,2021-01-01,218.82,64.91,3.4,True,False,False,False,Υπόλοιπες
SE,Σουηδία,DOM,Εντός της χώρας,2022-01-01,261.07,78.51,3.3,True,False,False,False,Υπόλοιπες
SE,Σουηδία,DOM,Εντός της χώρας,2024-01-01,402.07,126.46,3.2,True,False,False,False,Υπόλοιπες
SI,Σλοβενία,DOM,Εντός της χώρας,2012-01-01,90.01,33.17,2.7,True,False,False,False,Υπόλοιπες
SI,Σλοβενία,DOM,Εντός της χώρας,2013-01-01,91.62,34.25,2.7,True,False,False,False,Υπόλοιπες
SI,Σλοβενία,DOM,Εντός της χώρας,2014-01-01,95.48,36.33,2.6,True,False,False,False,Υπόλοιπες
SI,Σλοβενία,DOM,Εντός της χώρας,2015-01-01,104.18,35.15,3.0,True,False,False,False,Υπόλοιπες
SI,Σλοβενία,DOM,Εντός της χώρας,2016-01-01,106.24,35.58,3.0,True,False,False,False,Υπόλοιπες
SI,Σλοβενία,DOM,Εντός της χώρας,2017-01-01,104.28,38.17,2.7,True,False,False,False,Υπόλοιπες
SI,Σλοβενία,DOM,Εντός της χώρας,2018-01-01,109.17,39.94,2.7,True,False,False,False,Υπόλοιπες
SI,Σλοβενία,DOM,Εντός της χώρας,2019-01-01,117.01,41.62,2.8,True,False,False,False,Υπόλοιπες
SI,Σλοβενία,DOM,Εντός της χώρας,2020-01-01,141.11,43.3,3.3,True,False,False,False,Υπόλοιπες
SI,Σλοβενία,DOM,Εντός της χώρας,2021-01-01,173.45,61.61,2.8,True,False,False,False,Υπόλοιπες
SI,Σλοβενία,DOM,Εντός της χώρας,2022-01-01,167.48,62.06,2.7,True,False,False,False,Υπόλοιπες
SI,Σλοβενία,DOM,Εντός της χώρας,2023-01-01,161.56,65.23,2.5,True,False,False,False,Υπόλοιπες
SI,Σλοβενία,DOM,Εντός της χώρας,2024-01-01,160.82,67.05,2.4,True,False,False,False,Υπόλοιπες
SK,Σλοβακία,DOM,Εντός της χώρας,2012-01-01,198.08,43.26,4.6,True,False,False,False,Υπόλοιπες
SK,Σλοβακία,DOM,Εντός της χώρας,2013-01-01,122.54,33.46,3.7,True,False,False,False,Υπόλοιπες
SK,Σλοβακία,DOM,Εντός της χώρας,2014-01-01,141.58,37.94,3.7,True,False,False,False,Υπόλοιπες
SK,Σλοβακία,DOM,Εντός της χώρας,2015-01-01,131.7,34.07,3.9,True,False,False,False,Υπόλοιπες
SK,Σλοβακία,DOM,Εντός της χώρας,2016-01-01,127.35,34.91,3.6,True,False,False,False,Υπόλοιπες
SK,Σλοβακία,DOM,Εντός της χώρας,2017-01-01,141.92,41.11,3.5,True,False,False,False,Υπόλοιπες
SK,Σλοβακία,DOM,Εντός της χώρας,2018-01-01,131.43,37.01,3.6,True,False,False,False,Υπόλοιπες
SK,Σλοβακία,DOM,Εντός της χώρας,2019-01-01,151.36,40.55,3.7,True,False,False,False,Υπόλοιπες
SK,Σλοβακία,DOM,Εντός της χώρας,2020-01-01,148.19,39.02,3.8,True,False,False,False,Υπόλοιπες
SK,Σλοβακία,DOM,Εντός της χώρας,2021-01-01,148.85,42.45,3.5,True,False,False,False,Υπόλοιπες
SK,Σλοβακία,DOM,Εντός της χώρας,2022-01-01,169.7,50.57,3.4,True,False,False,False,Υπόλοιπες
SK,Σλοβακία,DOM,Εντός της χώρας,2023-01-01,200.74,56.76,3.5,True,False,False,False,Υπόλοιπες
SK,Σλοβακία,DOM,Εντός της χώρας,2024-01-01,219.54,64.42,3.4,True,False,False,False,Υπόλοιπες
AT,Αυστρία,FOR,Εξωτερικό,2012-01-01,795.31,120.07,6.6,True,False,False,False,Υπόλοιπες
AT,Αυστρία,FOR,Εξωτερικό,2013-01-01,892.12,132.08,6.8,True,False,False,False,Υπόλοιπες
AT,Αυστρία,FOR,Εξωτερικό,2014-01-01,880.13,127.14,6.9,True,False,False,False,Υπόλοιπες
AT,Αυστρία,FOR,Εξωτερικό,2015-01-01,869.48,126.02,6.9,True,False,False,False,Υπόλοιπες
AT,Αυστρία,FOR,Εξωτερικό,2016-01-01,854.43,127.72,6.7,True,False,False,False,Υπόλοιπες
AT,Αυστρία,FOR,Εξωτερικό,2017-01-01,903.78,131.29,6.9,True,False,False,False,Υπόλοιπες
AT,Αυστρία,FOR,Εξωτερικό,2018-01-01,923.32,143.73,6.4,True,False,False,False,Υπόλοιπες
AT,Αυστρία,FOR,Εξωτερικό,2019-01-01,957.59,144.29,6.6,True,False,False,False,Υπόλοιπες
AT,Αυστρία,FOR,Εξωτερικό,2020-01-01,774.89,120.76,6.4,True,False,False,False,Υπόλοιπες
AT,Αυστρία,FOR,Εξωτερικό,2021-01-01,885.4,130.66,6.8,True,False,False,False,Υπόλοιπες
AT,Αυστρία,FOR,Εξωτερικό,2022-01-01,998.57,150.92,6.6,True,False,False,False,Υπόλοιπες
AT,Αυστρία,FOR,Εξωτερικό,2023-01-01,1082.36,161.62,6.7,True,False,False,False,Υπόλοιπες
AT,Αυστρία,FOR,Εξωτερικό,2024-01-01,1235.15,181.34,6.8,True,False,False,False,Υπόλοιπες
BE,Βέλγιο,FOR,Εξωτερικό,2012-01-01,658.32,83.05,7.9,True,False,False,False,Υπόλοιπες
BE,Βέλγιο,FOR,Εξωτερικό,2013-01-01,777.91,93.41,8.3,True,False,False,False,Υπόλοιπες
BE,Βέλγιο,FOR,Εξωτερικό,2014-01-01,693.73,83.41,8.3,True,False,False,False,Υπόλοιπες
BE,Βέλγιο,FOR,Εξωτερικό,2015-01-01,683.82,81.6,8.4,True,False,False,False,Υπόλοιπες
BE,Βέλγιο,FOR,Εξωτερικό,2016-01-01,677.43,86.71,7.8,True,False,False,False,Υπόλοιπες
BE,Βέλγιο,FOR,Εξωτερικό,2017-01-01,632.36,82.99,7.6,True,False,False,False,Υπόλοιπες
BE,Βέλγιο,FOR,Εξωτερικό,2018-01-01,650.9,79.33,8.2,True,False,False,False,Υπόλοιπες
BE,Βέλγιο,FOR,Εξωτερικό,2019-01-01,684.36,86.76,7.9,True,False,False,False,Υπόλοιπες
BE,Βέλγιο,FOR,Εξωτερικό,2020-01-01,546.36,60.1,9.1,True,False,False,False,Υπόλοιπες
BE,Βέλγιο,FOR,Εξωτερικό,2021-01-01,641.21,63.58,10.1,True,False,False,False,Υπόλοιπες
BE,Βέλγιο,FOR,Εξωτερικό,2022-01-01,724.84,88.1,8.2,True,False,False,False,Υπόλοιπες
BE,Βέλγιο,FOR,Εξωτερικό,2023-01-01,786.26,92.1,8.5,True,False,False,False,Υπόλοιπες
BE,Βέλγιο,FOR,Εξωτερικό,2024-01-01,933.15,100.89,9.2,True,False,False,False,Υπόλοιπες
BG,Βουλγαρία,FOR,Εξωτερικό,2012-01-01,341.03,41.0,8.3,True,False,False,False,Υπόλοιπες
BG,Βουλγαρία,FOR,Εξωτερικό,2013-01-01,314.48,40.97,7.7,True,False,False,False,Υπόλοιπες
BG,Βουλγαρία,FOR,Εξωτερικό,2014-01-01,311.59,45.1,6.9,True,False,False,False,Υπόλοιπες
BG,Βουλγαρία,FOR,Εξωτερικό,2015-01-01,358.53,49.98,7.2,True,False,False,False,Υπόλοιπες
BG,Βουλγαρία,FOR,Εξωτερικό,2016-01-01,362.3,53.88,6.7,True,False,False,False,Υπόλοιπες
BG,Βουλγαρία,FOR,Εξωτερικό,2017-01-01,377.33,55.97,6.7,True,False,False,False,Υπόλοιπες
BG,Βουλγαρία,FOR,Εξωτερικό,2018-01-01,338.05,49.11,6.9,True,False,False,False,Υπόλοιπες
BG,Βουλγαρία,FOR,Εξωτερικό,2019-01-01,367.19,58.12,6.3,True,False,False,False,Υπόλοιπες
BG,Βουλγαρία,FOR,Εξωτερικό,2020-01-01,438.28,51.59,8.5,True,False,False,False,Υπόλοιπες
BG,Βουλγαρία,FOR,Εξωτερικό,2021-01-01,432.35,59.5,7.3,True,False,False,False,Υπόλοιπες
BG,Βουλγαρία,FOR,Εξωτερικό,2022-01-01,553.74,88.62,6.2,True,False,False,False,Υπόλοιπες
BG,Βουλγαρία,FOR,Εξωτερικό,2023-01-01,530.09,90.99,5.8,True,False,False,False,Υπόλοιπες
BG,Βουλγαρία,FOR,Εξωτερικό,2024-01-01,593.3,112.06,5.3,True,False,False,False,Υπόλοιπες
CY,Κύπρος,FOR,Εξωτερικό,2012-01-01,610.03,50.63,12.0,True,True,False,False,Υπόλοιπες
CY,Κύπρος,FOR,Εξωτερικό,2013-01-01,906.47,73.39,12.4,True,True,False,False,Υπόλοιπες
CY,Κύπρος,FOR,Εξωτερικό,2014-01-01,907.01,70.17,12.9,True,True,False,False,Υπόλοιπες
CY,Κύπρος,FOR,Εξωτερικό,2015-01-01,914.29,73.48,12.4,True,True,False,False,Υπόλοιπες
CY,Κύπρος,FOR,Εξωτερικό,2016-01-01,978.58,82.89,11.8,True,True,False,False,Υπόλοιπες
CY,Κύπρος,FOR,Εξωτερικό,2017-01-01,1041.23,92.7,11.2,True,True,False,False,Υπόλοιπες
CY,Κύπρος,FOR,Εξωτερικό,2018-01-01,1004.74,109.78,9.2,True,True,False,False,Υπόλοιπες
CY,Κύπρος,FOR,Εξωτερικό,2019-01-01,1038.04,108.46,9.6,True,True,False,False,Υπόλοιπες
CY,Κύπρος,FOR,Εξωτερικό,2020-01-01,1048.95,73.94,14.2,True,True,False,False,Υπόλοιπες
CY,Κύπρος,FOR,Εξωτερικό,2021-01-01,989.13,84.02,11.8,True,True,False,False,Υπόλοιπες
CY,Κύπρος,FOR,Εξωτερικό,2022-01-01,1030.22,128.83,8.0,True,True,False,False,Υπόλοιπες
CY,Κύπρος,FOR,Εξωτερικό,2023-01-01,1099.62,143.04,7.7,True,True,False,False,Υπόλοιπες
CY,Κύπρος,FOR,Εξωτερικό,2024-01-01,1157.75,142.64,8.1,True,True,False,False,Υπόλοιπες
CZ,Τσεχία,FOR,Εξωτερικό,2012-01-01,403.46,56.64,7.1,True,False,False,False,Υπόλοιπες
CZ,Τσεχία,FOR,Εξωτερικό,2013-01-01,420.61,59.12,7.1,True,False,False,False,Υπόλοιπες
CZ,Τσεχία,FOR,Εξωτερικό,2014-01-01,387.2,56.15,6.9,True,False,False,False,Υπόλοιπες
CZ,Τσεχία,FOR,Εξωτερικό,2015-01-01,387.14,59.96,6.5,True,False,False,False,Υπόλοιπες
CZ,Τσεχία,FOR,Εξωτερικό,2016-01-01,425.85,61.94,6.9,True,False,False,False,Υπόλοιπες
CZ,Τσεχία,FOR,Εξωτερικό,2017-01-01,425.63,61.19,7.0,True,False,False,False,Υπόλοιπες
CZ,Τσεχία,FOR,Εξωτερικό,2018-01-01,455.27,69.15,6.6,True,False,False,False,Υπόλοιπες
CZ,Τσεχία,FOR,Εξωτερικό,2019-01-01,450.52,68.69,6.6,True,False,False,False,Υπόλοιπες
CZ,Τσεχία,FOR,Εξωτερικό,2020-01-01,382.68,59.98,6.4,True,False,False,False,Υπόλοιπες
CZ,Τσεχία,FOR,Εξωτερικό,2021-01-01,502.66,67.25,7.5,True,False,False,False,Υπόλοιπες
CZ,Τσεχία,FOR,Εξωτερικό,2022-01-01,527.44,79.25,6.7,True,False,False,False,Υπόλοιπες
CZ,Τσεχία,FOR,Εξωτερικό,2023-01-01,588.63,92.31,6.4,True,False,False,False,Υπόλοιπες
CZ,Τσεχία,FOR,Εξωτερικό,2024-01-01,633.83,96.16,6.6,True,False,False,False,Υπόλοιπες
DE,Γερμανία,FOR,Εξωτερικό,2012-01-01,786.12,87.65,9.0,True,False,False,False,Υπόλοιπες
DE,Γερμανία,FOR,Εξωτερικό,2013-01-01,798.52,88.75,9.0,True,False,False,False,Υπόλοιπες
DE,Γερμανία,FOR,Εξωτερικό,2014-01-01,787.74,85.79,9.2,True,False,False,False,Υπόλοιπες
DE,Γερμανία,FOR,Εξωτερικό,2015-01-01,781.25,88.41,8.8,True,False,False,False,Υπόλοιπες
DE,Γερμανία,FOR,Εξωτερικό,2016-01-01,780.61,88.74,8.8,True,False,False,False,Υπόλοιπες
DE,Γερμανία,FOR,Εξωτερικό,2017-01-01,888.56,97.36,9.1,True,False,False,False,Υπόλοιπες
DE,Γερμανία,FOR,Εξωτερικό,2018-01-01,1009.9,115.08,8.8,True,False,False,False,Υπόλοιπες
DE,Γερμανία,FOR,Εξωτερικό,2019-01-01,966.56,106.94,9.0,True,False,False,False,Υπόλοιπες
DE,Γερμανία,FOR,Εξωτερικό,2020-01-01,764.35,82.97,9.2,True,False,False,False,Υπόλοιπες
DE,Γερμανία,FOR,Εξωτερικό,2021-01-01,932.3,101.6,9.2,True,False,False,False,Υπόλοιπες
DE,Γερμανία,FOR,Εξωτερικό,2022-01-01,1140.63,122.36,9.3,True,False,False,False,Υπόλοιπες
DE,Γερμανία,FOR,Εξωτερικό,2023-01-01,1154.07,129.53,8.9,True,False,False,False,Υπόλοιπες
DE,Γερμανία,FOR,Εξωτερικό,2024-01-01,1191.25,134.68,8.8,True,False,False,False,Υπόλοιπες
DK,Δανία,FOR,Εξωτερικό,2012-01-01,629.14,80.56,7.8,True,False,False,False,Υπόλοιπες
DK,Δανία,FOR,Εξωτερικό,2013-01-01,594.86,88.07,6.8,True,False,False,False,Υπόλοιπες
DK,Δανία,FOR,Εξωτερικό,2014-01-01,669.81,99.13,6.8,True,False,False,False,Υπόλοιπες
DK,Δανία,FOR,Εξωτερικό,2015-01-01,636.51,95.98,6.6,True,False,False,False,Υπόλοιπες
DK,Δανία,FOR,Εξωτερικό,2016-01-01,905.4,132.07,6.9,True,False,False,False,Υπόλοιπες
DK,Δανία,FOR,Εξωτερικό,2017-01-01,1307.84,184.63,7.1,True,False,False,False,Υπόλοιπες
DK,Δανία,FOR,Εξωτερικό,2018-01-01,1512.69,195.44,7.7,True,False,False,False,Υπόλοιπες
DK,Δανία,FOR,Εξωτερικό,2019-01-01,985.96,133.21,7.4,True,False,False,False,Υπόλοιπες
DK,Δανία,FOR,Εξωτερικό,2020-01-01,964.55,106.92,9.0,True,False,False,False,Υπόλοιπες
DK,Δανία,FOR,Εξωτερικό,2021-01-01,845.0,112.22,7.5,True,False,False,False,Υπόλοιπες
DK,Δανία,FOR,Εξωτερικό,2022-01-01,906.15,118.45,7.6,True,False,False,False,Υπόλοιπες
DK,Δανία,FOR,Εξωτερικό,2023-01-01,1038.32,138.44,7.5,True,False,False,False,Υπόλοιπες
DK,Δανία,FOR,Εξωτερικό,2024-01-01,707.3,100.81,7.0,True,False,False,False,Υπόλοιπες
EE,Εσθονία,FOR,Εξωτερικό,2012-01-01,357.35,54.64,6.5,True,False,False,False,Υπόλοιπες
EE,Εσθονία,FOR,Εξωτερικό,2013-01-01,458.96,66.6,6.9,True,False,False,False,Υπόλοιπες
EE,Εσθονία,FOR,Εξωτερικό,2014-01-01,432.67,65.68,6.6,True,False,False,False,Υπόλοιπες
EE,Εσθονία,FOR,Εξωτερικό,2015-01-01,535.53,70.13,7.6,True,False,False,False,Υπόλοιπες
EE,Εσθονία,FOR,Εξωτερικό,2016-01-01,514.23,76.78,6.7,True,False,False,False,Υπόλοιπες
EE,Εσθονία,FOR,Εξωτερικό,2017-01-01,593.19,88.26,6.7,True,False,False,False,Υπόλοιπες
EE,Εσθονία,FOR,Εξωτερικό,2018-01-01,740.76,111.79,6.6,True,False,False,False,Υπόλοιπες
EE,Εσθονία,FOR,Εξωτερικό,2019-01-01,822.89,127.2,6.5,True,False,False,False,Υπόλοιπες
EE,Εσθονία,FOR,Εξωτερικό,2020-01-01,915.61,129.17,7.1,True,False,False,False,Υπόλοιπες
EE,Εσθονία,FOR,Εξωτερικό,2021-01-01,839.92,109.57,7.7,True,False,False,False,Υπόλοιπες
EE,Εσθονία,FOR,Εξωτερικό,2022-01-01,1008.52,155.07,6.5,True,False,False,False,Υπόλοιπες
EE,Εσθονία,FOR,Εξωτερικό,2023-01-01,1035.94,160.96,6.4,True,False,False,False,Υπόλοιπες
EE,Εσθονία,FOR,Εξωτερικό,2024-01-01,1091.23,153.87,7.1,True,False,False,False,Υπόλοιπες
EL,Ελλάδα,FOR,Εξωτερικό,2012-01-01,419.14,43.12,9.7,True,True,True,False,Ελλάδα
EL,Ελλάδα,FOR,Εξωτερικό,2013-01-01,575.35,41.39,13.9,True,True,True,False,Ελλάδα
EL,Ελλάδα,FOR,Εξωτερικό,2014-01-01,517.46,46.43,11.1,True,True,True,False,Ελλάδα
EL,Ελλάδα,FOR,Εξωτερικό,2015-01-01,501.83,48.56,10.3,True,True,True,False,Ελλάδα
EL,Ελλάδα,FOR,Εξωτερικό,2016-01-01,593.9,54.08,11.0,True,True,True,False,Ελλάδα
EL,Ελλάδα,FOR,Εξωτερικό,2017-01-01,580.06,62.2,9.3,True,True,True,False,Ελλάδα
EL,Ελλάδα,FOR,Εξωτερικό,2018-01-01,567.32,64.99,8.7,True,True,True,False,Ελλάδα
EL,Ελλάδα,FOR,Εξωτερικό,2019-01-01,610.62,67.13,9.1,True,True,True,False,Ελλάδα
EL,Ελλάδα,FOR,Εξωτερικό,2020-01-01,611.89,50.32,12.2,True,True,True,False,Ελλάδα
EL,Ελλάδα,FOR,Εξωτερικό,2021-01-01,595.78,54.86,10.9,True,True,True,False,Ελλάδα
EL,Ελλάδα,FOR,Εξωτερικό,2022-01-01,798.26,80.86,9.9,True,True,True,False,Ελλάδα
EL,Ελλάδα,FOR,Εξωτερικό,2023-01-01,824.35,89.38,9.2,True,True,True,False,Ελλάδα
EL,Ελλάδα,FOR,Εξωτερικό,2024-01-01,841.11,107.5,7.8,True,True,True,False,Ελλάδα
ES,Ισπανία,FOR,Εξωτερικό,2012-01-01,664.9,71.75,9.3,True,True,False,False,Υπόλοιπες
ES,Ισπανία,FOR,Εξωτερικό,2013-01-01,751.56,78.01,9.6,True,True,False,False,Υπόλοιπες
ES,Ισπανία,FOR,Εξωτερικό,2014-01-01,735.9,79.53,9.3,True,True,False,False,Υπόλοιπες
ES,Ισπανία,FOR,Εξωτερικό,2015-01-01,823.59,91.94,9.0,True,True,False,False,Υπόλοιπες
ES,Ισπανία,FOR,Εξωτερικό,2016-01-01,857.49,96.48,8.9,True,True,False,False,Υπόλοιπες
ES,Ισπανία,FOR,Εξωτερικό,2017-01-01,848.09,104.79,8.1,True,True,False,False,Υπόλοιπες
ES,Ισπανία,FOR,Εξωτερικό,2018-01-01,850.23,108.63,7.8,True,True,False,False,Υπόλοιπες
ES,Ισπανία,FOR,Εξωτερικό,2019-01-01,815.58,113.12,7.2,True,True,False,False,Υπόλοιπες
ES,Ισπανία,FOR,Εξωτερικό,2020-01-01,681.51,82.0,8.3,True,True,False,False,Υπόλοιπες
ES,Ισπανία,FOR,Εξωτερικό,2021-01-01,750.88,79.02,9.5,True,True,False,False,Υπόλοιπες
ES,Ισπανία,FOR,Εξωτερικό,2022-01-01,937.94,108.49,8.6,True,True,False,False,Υπόλοιπες
ES,Ισπανία,FOR,Εξωτερικό,2023-01-01,1011.4,121.19,8.3,True,True,False,False,Υπόλοιπες
ES,Ισπανία,FOR,Εξωτερικό,2024-01-01,1035.09,125.84,8.2,True,True,False,False,Υπόλοιπες
EU27_2020,Ευρωπαϊκή Ένωση (27),FOR,Εξωτερικό,2012-01-01,727.98,85.85,8.5,False,False,False,True,ΕΕ27
EU27_2020,Ευρωπαϊκή Ένωση (27),FOR,Εξωτερικό,2013-01-01,745.43,87.13,8.6,False,False,False,True,ΕΕ27
EU27_2020,Ευρωπαϊκή Ένωση (27),FOR,Εξωτερικό,2014-01-01,723.56,84.31,8.6,False,False,False,True,ΕΕ27
EU27_2020,Ευρωπαϊκή Ένωση (27),FOR,Εξωτερικό,2015-01-01,719.48,86.1,8.4,False,False,False,True,ΕΕ27
EU27_2020,Ευρωπαϊκή Ένωση (27),FOR,Εξωτερικό,2016-01-01,731.48,88.26,8.3,False,False,False,True,ΕΕ27
EU27_2020,Ευρωπαϊκή Ένωση (27),FOR,Εξωτερικό,2017-01-01,857.49,102.75,8.3,False,False,False,True,ΕΕ27
EU27_2020,Ευρωπαϊκή Ένωση (27),FOR,Εξωτερικό,2018-01-01,896.75,109.99,8.2,False,False,False,True,ΕΕ27
EU27_2020,Ευρωπαϊκή Ένωση (27),FOR,Εξωτερικό,2019-01-01,859.51,104.97,8.2,False,False,False,True,ΕΕ27
EU27_2020,Ευρωπαϊκή Ένωση (27),FOR,Εξωτερικό,2020-01-01,721.92,82.74,8.7,False,False,False,True,ΕΕ27
EU27_2020,Ευρωπαϊκή Ένωση (27),FOR,Εξωτερικό,2021-01-01,816.92,91.78,8.9,False,False,False,True,ΕΕ27
EU27_2020,Ευρωπαϊκή Ένωση (27),FOR,Εξωτερικό,2022-01-01,946.44,112.16,8.4,False,False,False,True,ΕΕ27
EU27_2020,Ευρωπαϊκή Ένωση (27),FOR,Εξωτερικό,2023-01-01,994.97,122.4,8.1,False,False,False,True,ΕΕ27
EU27_2020,Ευρωπαϊκή Ένωση (27),FOR,Εξωτερικό,2024-01-01,1036.38,127.79,8.1,False,False,False,True,ΕΕ27
FI,Φινλανδία,FOR,Εξωτερικό,2012-01-01,824.25,133.12,6.2,True,False,False,False,Υπόλοιπες
FI,Φινλανδία,FOR,Εξωτερικό,2013-01-01,819.92,133.61,6.1,True,False,False,False,Υπόλοιπες
FI,Φινλανδία,FOR,Εξωτερικό,2014-01-01,833.37,139.53,6.0,True,False,False,False,Υπόλοιπες
FI,Φινλανδία,FOR,Εξωτερικό,2015-01-01,804.07,137.65,5.8,True,False,False,False,Υπόλοιπες
FI,Φινλανδία,FOR,Εξωτερικό,2016-01-01,806.16,138.58,5.8,True,False,False,False,Υπόλοιπες
FI,Φινλανδία,FOR,Εξωτερικό,2017-01-01,820.13,131.94,6.2,True,False,False,False,Υπόλοιπες
FI,Φινλανδία,FOR,Εξωτερικό,2018-01-01,859.7,134.51,6.4,True,False,False,False,Υπόλοιπες
FI,Φινλανδία,FOR,Εξωτερικό,2019-01-01,838.57,114.18,7.3,True,False,False,False,Υπόλοιπες
FI,Φινλανδία,FOR,Εξωτερικό,2020-01-01,967.17,77.16,12.5,True,False,False,False,Υπόλοιπες
FI,Φινλανδία,FOR,Εξωτερικό,2021-01-01,824.99,79.56,10.4,True,False,False,False,Υπόλοιπες
FI,Φινλανδία,FOR,Εξωτερικό,2022-01-01,977.55,116.92,8.4,True,False,False,False,Υπόλοιπες
FI,Φινλανδία,FOR,Εξωτερικό,2023-01-01,1049.88,126.3,8.3,True,False,False,False,Υπόλοιπες
FI,Φινλανδία,FOR,Εξωτερικό,2024-01-01,1099.35,127.85,8.6,True,False,False,False,Υπόλοιπες
FR,Γαλλία,FOR,Εξωτερικό,2012-01-01,963.46,106.62,9.0,True,False,False,False,Υπόλοιπες
FR,Γαλλία,FOR,Εξωτερικό,2013-01-01,981.98,106.71,9.2,True,False,False,False,Υπόλοιπες
FR,Γαλλία,FOR,Εξωτερικό,2014-01-01,982.71,107.64,9.1,True,False,False,False,Υπόλοιπες
FR,Γαλλία,FOR,Εξωτερικό,2015-01-01,954.0,107.3,8.9,True,False,False,False,Υπόλοιπες
FR,Γαλλία,FOR,Εξωτερικό,2016-01-01,1011.54,112.68,9.0,True,False,False,False,Υπόλοιπες
FR,Γαλλία,FOR,Εξωτερικό,2017-01-01,1020.5,122.62,8.3,True,False,False,False,Υπόλοιπες
FR,Γαλλία,FOR,Εξωτερικό,2018-01-01,1004.69,123.9,8.1,True,False,False,False,Υπόλοιπες
FR,Γαλλία,FOR,Εξωτερικό,2019-01-01,1024.91,123.62,8.3,True,False,False,False,Υπόλοιπες
FR,Γαλλία,FOR,Εξωτερικό,2020-01-01,873.37,114.26,7.6,True,False,False,False,Υπόλοιπες
FR,Γαλλία,FOR,Εξωτερικό,2021-01-01,926.97,115.56,8.0,True,False,False,False,Υπόλοιπες
FR,Γαλλία,FOR,Εξωτερικό,2022-01-01,1024.2,137.73,7.4,True,False,False,False,Υπόλοιπες
FR,Γαλλία,FOR,Εξωτερικό,2023-01-01,1100.16,148.99,7.4,True,False,False,False,Υπόλοιπες
FR,Γαλλία,FOR,Εξωτερικό,2024-01-01,1108.11,151.86,7.3,True,False,False,False,Υπόλοιπες
HR,Κροατία,FOR,Εξωτερικό,2012-01-01,324.68,53.34,6.1,True,False,False,False,Υπόλοιπες
HR,Κροατία,FOR,Εξωτερικό,2013-01-01,359.93,50.37,7.1,True,False,False,False,Υπόλοιπες
HR,Κροατία,FOR,Εξωτερικό,2014-01-01,360.37,56.76,6.3,True,False,False,False,Υπόλοιπες
HR,Κροατία,FOR,Εξωτερικό,2015-01-01,396.9,53.14,7.5,True,False,False,False,Υπόλοιπες
HR,Κροατία,FOR,Εξωτερικό,2016-01-01,361.84,69.74,5.2,True,False,False,False,Υπόλοιπες
HR,Κροατία,FOR,Εξωτερικό,2017-01-01,399.11,64.81,6.2,True,False,False,False,Υπόλοιπες
HR,Κροατία,FOR,Εξωτερικό,2018-01-01,413.89,74.53,5.6,True,False,False,False,Υπόλοιπες
HR,Κροατία,FOR,Εξωτερικό,2019-01-01,365.73,72.42,5.1,True,False,False,False,Υπόλοιπες
HR,Κροατία,FOR,Εξωτερικό,2020-01-01,449.25,51.43,8.7,True,False,False,False,Υπόλοιπες
HR,Κροατία,FOR,Εξωτερικό,2021-01-01,397.14,43.84,9.1,True,False,False,False,Υπόλοιπες
HR,Κροατία,FOR,Εξωτερικό,2022-01-01,420.76,81.44,5.2,True,False,False,False,Υπόλοιπες
HR,Κροατία,FOR,Εξωτερικό,2023-01-01,468.99,85.84,5.5,True,False,False,False,Υπόλοιπες
HR,Κροατία,FOR,Εξωτερικό,2024-01-01,548.98,104.6,5.2,True,False,False,False,Υπόλοιπες
HU,Ουγγαρία,FOR,Εξωτερικό,2012-01-01,286.46,48.73,5.9,True,False,False,False,Υπόλοιπες
HU,Ουγγαρία,FOR,Εξωτερικό,2013-01-01,286.04,48.49,5.9,True,False,False,False,Υπόλοιπες
HU,Ουγγαρία,FOR,Εξωτερικό,2014-01-01,310.53,54.13,5.7,True,False,False,False,Υπόλοιπες
HU,Ουγγαρία,FOR,Εξωτερικό,2015-01-01,283.88,53.61,5.3,True,False,False,False,Υπόλοιπες
HU,Ουγγαρία,FOR,Εξωτερικό,2016-01-01,283.28,56.68,5.0,True,False,False,False,Υπόλοιπες
HU,Ουγγαρία,FOR,Εξωτερικό,2017-01-01,294.79,61.06,4.8,True,False,False,False,Υπόλοιπες
HU,Ουγγαρία,FOR,Εξωτερικό,2018-01-01,272.35,58.48,4.7,True,False,False,False,Υπόλοιπες
HU,Ουγγαρία,FOR,Εξωτερικό,2019-01-01,270.12,51.54,5.2,True,False,False,False,Υπόλοιπες
HU,Ουγγαρία,FOR,Εξωτερικό,2020-01-01,223.65,47.3,4.7,True,False,False,False,Υπόλοιπες
HU,Ουγγαρία,FOR,Εξωτερικό,2021-01-01,267.62,51.0,5.2,True,False,False,False,Υπόλοιπες
HU,Ουγγαρία,FOR,Εξωτερικό,2022-01-01,330.93,62.73,5.3,True,False,False,False,Υπόλοιπες
HU,Ουγγαρία,FOR,Εξωτερικό,2023-01-01,490.84,87.91,5.6,True,False,False,False,Υπόλοιπες
HU,Ουγγαρία,FOR,Εξωτερικό,2024-01-01,474.41,89.25,5.3,True,False,False,False,Υπόλοιπες
IE,Ιρλανδία,FOR,Εξωτερικό,2012-01-01,789.36,95.52,8.3,True,True,False,False,Υπόλοιπες
IE,Ιρλανδία,FOR,Εξωτερικό,2013-01-01,782.74,95.04,8.2,True,True,False,False,Υπόλοιπες
IE,Ιρλανδία,FOR,Εξωτερικό,2014-01-01,816.38,99.07,8.2,True,True,False,False,Υπόλοιπες
IE,Ιρλανδία,FOR,Εξωτερικό,2015-01-01,829.44,106.03,7.8,True,True,False,False,Υπόλοιπες
IE,Ιρλανδία,FOR,Εξωτερικό,2016-01-01,822.36,106.1,7.8,True,True,False,False,Υπόλοιπες
IE,Ιρλανδία,FOR,Εξωτερικό,2017-01-01,816.24,112.49,7.3,True,True,False,False,Υπόλοιπες
IE,Ιρλανδία,FOR,Εξωτερικό,2018-01-01,830.73,114.43,7.3,True,True,False,False,Υπόλοιπες
IE,Ιρλανδία,FOR,Εξωτερικό,2019-01-01,866.02,118.49,7.3,True,True,False,False,Υπόλοιπες
IE,Ιρλανδία,FOR,Εξωτερικό,2020-01-01,772.3,115.78,6.7,True,True,False,False,Υπόλοιπες
IE,Ιρλανδία,FOR,Εξωτερικό,2021-01-01,757.33,105.05,7.2,True,True,False,False,Υπόλοιπες
IE,Ιρλανδία,FOR,Εξωτερικό,2022-01-01,912.75,132.59,6.9,True,True,False,False,Υπόλοιπες
IE,Ιρλανδία,FOR,Εξωτερικό,2023-01-01,952.91,149.76,6.4,True,True,False,False,Υπόλοιπες
IE,Ιρλανδία,FOR,Εξωτερικό,2024-01-01,878.07,146.15,6.0,True,True,False,False,Υπόλοιπες
IT,Ιταλία,FOR,Εξωτερικό,2012-01-01,753.06,97.62,7.7,True,True,False,False,Υπόλοιπες
IT,Ιταλία,FOR,Εξωτερικό,2013-01-01,821.68,94.14,8.7,True,True,False,False,Υπόλοιπες
IT,Ιταλία,FOR,Εξωτερικό,2014-01-01,626.79,76.21,8.2,True,True,False,False,Υπόλοιπες
IT,Ιταλία,FOR,Εξωτερικό,2015-01-01,621.75,67.69,9.2,True,True,False,False,Υπόλοιπες
IT,Ιταλία,FOR,Εξωτερικό,2016-01-01,643.28,86.41,7.4,True,True,False,False,Υπόλοιπες
IT,Ιταλία,FOR,Εξωτερικό,2017-01-01,709.4,102.17,6.9,True,True,False,False,Υπόλοιπες
IT,Ιταλία,FOR,Εξωτερικό,2018-01-01,723.39,93.26,7.8,True,True,False,False,Υπόλοιπες
IT,Ιταλία,FOR,Εξωτερικό,2019-01-01,704.11,91.29,7.7,True,True,False,False,Υπόλοιπες
IT,Ιταλία,FOR,Εξωτερικό,2020-01-01,626.21,72.55,8.6,True,True,False,False,Υπόλοιπες
IT,Ιταλία,FOR,Εξωτερικό,2021-01-01,690.83,69.13,10.0,True,True,False,False,Υπόλοιπες
IT,Ιταλία,FOR,Εξωτερικό,2022-01-01,747.05,88.94,8.4,True,True,False,False,Υπόλοιπες
IT,Ιταλία,FOR,Εξωτερικό,2023-01-01,880.59,115.01,7.7,True,True,False,False,Υπόλοιπες
IT,Ιταλία,FOR,Εξωτερικό,2024-01-01,896.59,120.01,7.5,True,True,False,False,Υπόλοιπες
LT,Λιθουανία,FOR,Εξωτερικό,2012-01-01,425.1,53.33,8.0,True,False,False,False,Υπόλοιπες
LT,Λιθουανία,FOR,Εξωτερικό,2013-01-01,443.16,52.83,8.4,True,False,False,False,Υπόλοιπες
LT,Λιθουανία,FOR,Εξωτερικό,2014-01-01,429.6,59.11,7.3,True,False,False,False,Υπόλοιπες
LT,Λιθουανία,FOR,Εξωτερικό,2015-01-01,425.77,58.71,7.3,True,False,False,False,Υπόλοιπες
LT,Λιθουανία,FOR,Εξωτερικό,2016-01-01,438.5,62.14,7.1,True,False,False,False,Υπόλοιπες
LT,Λιθουανία,FOR,Εξωτερικό,2017-01-01,441.23,63.23,7.0,True,False,False,False,Υπόλοιπες
LT,Λιθουανία,FOR,Εξωτερικό,2018-01-01,440.15,64.48,6.8,True,False,False,False,Υπόλοιπες
LT,Λιθουανία,FOR,Εξωτερικό,2019-01-01,434.71,65.36,6.7,True,False,False,False,Υπόλοιπες
LT,Λιθουανία,FOR,Εξωτερικό,2020-01-01,486.33,69.12,7.0,True,False,False,False,Υπόλοιπες
LT,Λιθουανία,FOR,Εξωτερικό,2021-01-01,471.48,70.49,6.7,True,False,False,False,Υπόλοιπες
LT,Λιθουανία,FOR,Εξωτερικό,2022-01-01,475.69,67.98,7.0,True,False,False,False,Υπόλοιπες
LT,Λιθουανία,FOR,Εξωτερικό,2023-01-01,475.43,67.26,7.1,True,False,False,False,Υπόλοιπες
LT,Λιθουανία,FOR,Εξωτερικό,2024-01-01,487.41,67.99,7.2,True,False,False,False,Υπόλοιπες
LU,Λουξεμβούργο,FOR,Εξωτερικό,2012-01-01,733.55,97.9,7.5,True,False,False,False,Υπόλοιπες
LU,Λουξεμβούργο,FOR,Εξωτερικό,2013-01-01,725.87,101.4,7.2,True,False,False,False,Υπόλοιπες
LU,Λουξεμβούργο,FOR,Εξωτερικό,2014-01-01,761.36,112.45,6.8,True,False,False,False,Υπόλοιπες
LU,Λουξεμβούργο,FOR,Εξωτερικό,2015-01-01,747.6,107.2,7.0,True,False,False,False,Υπόλοιπες
LU,Λουξεμβούργο,FOR,Εξωτερικό,2016-01-01,770.58,105.97,7.3,True,False,False,False,Υπόλοιπες
LU,Λουξεμβούργο,FOR,Εξωτερικό,2017-01-01,752.21,99.18,7.6,True,False,False,False,Υπόλοιπες
LU,Λουξεμβούργο,FOR,Εξωτερικό,2018-01-01,786.83,112.07,7.0,True,False,False,False,Υπόλοιπες
LU,Λουξεμβούργο,FOR,Εξωτερικό,2019-01-01,928.14,134.98,6.9,True,False,False,False,Υπόλοιπες
LU,Λουξεμβούργο,FOR,Εξωτερικό,2020-01-01,797.89,97.31,8.2,True,False,False,False,Υπόλοιπες
LU,Λουξεμβούργο,FOR,Εξωτερικό,2021-01-01,947.67,116.55,8.1,True,False,False,False,Υπόλοιπες
LU,Λουξεμβούργο,FOR,Εξωτερικό,2022-01-01,1281.97,165.74,7.7,True,False,False,False,Υπόλοιπες
LU,Λουξεμβούργο,FOR,Εξωτερικό,2023-01-01,1225.67,169.86,7.2,True,False,False,False,Υπόλοιπες
LU,Λουξεμβούργο,FOR,Εξωτερικό,2024-01-01,1319.23,177.69,7.4,True,False,False,False,Υπόλοιπες
LV,Λετονία,FOR,Εξωτερικό,2012-01-01,326.23,52.73,6.2,True,False,False,False,Υπόλοιπες
LV,Λετονία,FOR,Εξωτερικό,2013-01-01,367.25,55.2,6.7,True,False,False,False,Υπόλοιπες
LV,Λετονία,FOR,Εξωτερικό,2014-01-01,340.39,50.89,6.7,True,False,False,False,Υπόλοιπες
LV,Λετονία,FOR,Εξωτερικό,2015-01-01,322.6,58.21,5.5,True,False,False,False,Υπόλοιπες
LV,Λετονία,FOR,Εξωτερικό,2016-01-01,315.02,50.44,6.2,True,False,False,False,Υπόλοιπες
LV,Λετονία,FOR,Εξωτερικό,2017-01-01,384.94,70.12,5.5,True,False,False,False,Υπόλοιπες
LV,Λετονία,FOR,Εξωτερικό,2018-01-01,337.16,64.43,5.2,True,False,False,False,Υπόλοιπες
LV,Λετονία,FOR,Εξωτερικό,2019-01-01,445.49,76.99,5.8,True,False,False,False,Υπόλοιπες
LV,Λετονία,FOR,Εξωτερικό,2020-01-01,399.03,56.21,7.1,True,False,False,False,Υπόλοιπες
LV,Λετονία,FOR,Εξωτερικό,2021-01-01,611.14,67.79,9.0,True,False,False,False,Υπόλοιπες
LV,Λετονία,FOR,Εξωτερικό,2022-01-01,533.41,91.22,5.8,True,False,False,False,Υπόλοιπες
LV,Λετονία,FOR,Εξωτερικό,2023-01-01,575.07,93.62,6.1,True,False,False,False,Υπόλοιπες
LV,Λετονία,FOR,Εξωτερικό,2024-01-01,557.12,102.78,5.4,True,False,False,False,Υπόλοιπες
MT,Μάλτα,FOR,Εξωτερικό,2012-01-01,1023.8,126.15,8.1,True,False,False,False,Υπόλοιπες
MT,Μάλτα,FOR,Εξωτερικό,2013-01-01,999.5,124.77,8.0,True,False,False,False,Υπόλοιπες
MT,Μάλτα,FOR,Εξωτερικό,2014-01-01,880.14,121.11,7.3,True,False,False,False,Υπόλοιπες
MT,Μάλτα,FOR,Εξωτερικό,2015-01-01,875.34,132.59,6.6,True,False,False,False,Υπόλοιπες
MT,Μάλτα,FOR,Εξωτερικό,2016-01-01,913.84,128.87,7.1,True,False,False,False,Υπόλοιπες
MT,Μάλτα,FOR,Εξωτερικό,2017-01-01,866.36,134.58,6.4,True,False,False,False,Υπόλοιπες
MT,Μάλτα,FOR,Εξωτερικό,2018-01-01,888.39,137.95,6.4,True,False,False,False,Υπόλοιπες
MT,Μάλτα,FOR,Εξωτερικό,2019-01-01,880.32,147.61,6.0,True,False,False,False,Υπόλοιπες
MT,Μάλτα,FOR,Εξωτερικό,2020-01-01,743.65,109.03,6.8,True,False,False,False,Υπόλοιπες
MT,Μάλτα,FOR,Εξωτερικό,2021-01-01,900.17,123.34,7.3,True,False,False,False,Υπόλοιπες
MT,Μάλτα,FOR,Εξωτερικό,2022-01-01,838.69,139.92,6.0,True,False,False,False,Υπόλοιπες
MT,Μάλτα,FOR,Εξωτερικό,2023-01-01,881.92,149.01,5.9,True,False,False,False,Υπόλοιπες
MT,Μάλτα,FOR,Εξωτερικό,2024-01-01,957.17,146.98,6.5,True,False,False,False,Υπόλοιπες
NL,Ολλανδία,FOR,Εξωτερικό,2012-01-01,697.29,69.74,10.0,True,False,False,False,Υπόλοιπες
NL,Ολλανδία,FOR,Εξωτερικό,2013-01-01,676.43,67.93,10.0,True,False,False,False,Υπόλοιπες
NL,Ολλανδία,FOR,Εξωτερικό,2014-01-01,660.9,66.73,9.9,True,False,False,False,Υπόλοιπες
NL,Ολλανδία,FOR,Εξωτερικό,2015-01-01,666.7,66.25,10.1,True,False,False,False,Υπόλοιπες
NL,Ολλανδία,FOR,Εξωτερικό,2016-01-01,674.25,67.76,10.0,True,False,False,False,Υπόλοιπες
NL,Ολλανδία,FOR,Εξωτερικό,2017-01-01,836.74,83.83,10.0,True,False,False,False,Υπόλοιπες
NL,Ολλανδία,FOR,Εξωτερικό,2018-01-01,820.48,82.68,9.9,True,False,False,False,Υπόλοιπες
NL,Ολλανδία,FOR,Εξωτερικό,2019-01-01,833.36,85.9,9.7,True,False,False,False,Υπόλοιπες
NL,Ολλανδία,FOR,Εξωτερικό,2020-01-01,653.52,67.88,9.6,True,False,False,False,Υπόλοιπες
NL,Ολλανδία,FOR,Εξωτερικό,2021-01-01,792.04,77.65,10.2,True,False,False,False,Υπόλοιπες
NL,Ολλανδία,FOR,Εξωτερικό,2022-01-01,818.24,82.42,9.9,True,False,False,False,Υπόλοιπες
NL,Ολλανδία,FOR,Εξωτερικό,2023-01-01,848.3,87.75,9.7,True,False,False,False,Υπόλοιπες
NL,Ολλανδία,FOR,Εξωτερικό,2024-01-01,929.51,98.65,9.4,True,False,False,False,Υπόλοιπες
PL,Πολωνία,FOR,Εξωτερικό,2012-01-01,710.26,73.51,9.7,True,False,False,False,Υπόλοιπες
PL,Πολωνία,FOR,Εξωτερικό,2013-01-01,611.32,71.0,8.6,True,False,False,False,Υπόλοιπες
PL,Πολωνία,FOR,Εξωτερικό,2014-01-01,472.84,46.33,10.2,True,False,False,False,Υπόλοιπες
PL,Πολωνία,FOR,Εξωτερικό,2015-01-01,484.81,53.29,9.1,True,False,False,False,Υπόλοιπες
PL,Πολωνία,FOR,Εξωτερικό,2016-01-01,494.19,52.71,9.4,True,False,False,False,Υπόλοιπες
PL,Πολωνία,FOR,Εξωτερικό,2017-01-01,540.43,53.55,10.1,True,False,False,False,Υπόλοιπες
PL,Πολωνία,FOR,Εξωτερικό,2018-01-01,563.21,58.67,9.6,True,False,False,False,Υπόλοιπες
PL,Πολωνία,FOR,Εξωτερικό,2019-01-01,568.63,56.99,10.0,True,False,False,False,Υπόλοιπες
PL,Πολωνία,FOR,Εξωτερικό,2020-01-01,535.33,52.44,10.2,True,False,False,False,Υπόλοιπες
PL,Πολωνία,FOR,Εξωτερικό,2021-01-01,547.14,51.45,10.6,True,False,False,False,Υπόλοιπες
PL,Πολωνία,FOR,Εξωτερικό,2022-01-01,593.71,56.83,10.4,True,False,False,False,Υπόλοιπες
PL,Πολωνία,FOR,Εξωτερικό,2023-01-01,632.91,68.84,9.2,True,False,False,False,Υπόλοιπες
PL,Πολωνία,FOR,Εξωτερικό,2024-01-01,689.55,78.43,8.8,True,False,False,False,Υπόλοιπες
PT,Πορτογαλία,FOR,Εξωτερικό,2012-01-01,442.19,55.66,7.9,True,True,False,False,Υπόλοιπες
PT,Πορτογαλία,FOR,Εξωτερικό,2013-01-01,439.71,40.48,10.9,True,True,False,False,Υπόλοιπες
PT,Πορτογαλία,FOR,Εξωτερικό,2014-01-01,580.7,65.56,8.9,True,True,False,False,Υπόλοιπες
PT,Πορτογαλία,FOR,Εξωτερικό,2015-01-01,628.17,79.31,7.9,True,True,False,False,Υπόλοιπες
PT,Πορτογαλία,FOR,Εξωτερικό,2016-01-01,480.61,66.89,7.2,True,True,False,False,Υπόλοιπες
PT,Πορτογαλία,FOR,Εξωτερικό,2017-01-01,500.4,62.7,8.0,True,True,False,False,Υπόλοιπες
PT,Πορτογαλία,FOR,Εξωτερικό,2018-01-01,538.53,69.59,7.7,True,True,False,False,Υπόλοιπες
PT,Πορτογαλία,FOR,Εξωτερικό,2019-01-01,655.91,86.26,7.6,True,True,False,False,Υπόλοιπες
PT,Πορτογαλία,FOR,Εξωτερικό,2020-01-01,604.69,73.89,8.2,True,True,False,False,Υπόλοιπες
PT,Πορτογαλία,FOR,Εξωτερικό,2021-01-01,654.91,73.83,8.9,True,True,False,False,Υπόλοιπες
PT,Πορτογαλία,FOR,Εξωτερικό,2022-01-01,755.06,102.27,7.4,True,True,False,False,Υπόλοιπες
PT,Πορτογαλία,FOR,Εξωτερικό,2023-01-01,755.8,111.0,6.8,True,True,False,False,Υπόλοιπες
PT,Πορτογαλία,FOR,Εξωτερικό,2024-01-01,884.63,124.15,7.1,True,True,False,False,Υπόλοιπες
RO,Ρουμανία,FOR,Εξωτερικό,2012-01-01,427.15,38.69,11.0,True,False,False,False,Υπόλοιπες
RO,Ρουμανία,FOR,Εξωτερικό,2013-01-01,369.07,39.51,9.3,True,False,False,False,Υπόλοιπες
RO,Ρουμανία,FOR,Εξωτερικό,2014-01-01,363.47,38.24,9.5,True,False,False,False,Υπόλοιπες
RO,Ρουμανία,FOR,Εξωτερικό,2015-01-01,389.01,45.89,8.5,True,False,False,False,Υπόλοιπες
RO,Ρουμανία,FOR,Εξωτερικό,2016-01-01,374.58,46.17,8.1,True,False,False,False,Υπόλοιπες
RO,Ρουμανία,FOR,Εξωτερικό,2017-01-01,471.02,58.43,8.1,True,False,False,False,Υπόλοιπες
RO,Ρουμανία,FOR,Εξωτερικό,2018-01-01,418.75,59.55,7.0,True,False,False,False,Υπόλοιπες
RO,Ρουμανία,FOR,Εξωτερικό,2019-01-01,453.6,63.28,7.2,True,False,False,False,Υπόλοιπες
RO,Ρουμανία,FOR,Εξωτερικό,2020-01-01,443.3,60.39,7.3,True,False,False,False,Υπόλοιπες
RO,Ρουμανία,FOR,Εξωτερικό,2021-01-01,544.65,74.28,7.3,True,False,False,False,Υπόλοιπες
RO,Ρουμανία,FOR,Εξωτερικό,2022-01-01,730.14,108.37,6.7,True,False,False,False,Υπόλοιπες
RO,Ρουμανία,FOR,Εξωτερικό,2023-01-01,692.06,101.99,6.8,True,False,False,False,Υπόλοιπες
RO,Ρουμανία,FOR,Εξωτερικό,2024-01-01,733.41,118.81,6.2,True,False,False,False,Υπόλοιπες
SE,Σουηδία,FOR,Εξωτερικό,2014-01-01,588.89,75.3,7.8,True,False,False,False,Υπόλοιπες
SE,Σουηδία,FOR,Εξωτερικό,2015-01-01,645.96,91.99,7.0,True,False,False,False,Υπόλοιπες
SE,Σουηδία,FOR,Εξωτερικό,2016-01-01,508.79,59.93,8.5,True,False,False,False,Υπόλοιπες
SE,Σουηδία,FOR,Εξωτερικό,2017-01-01,1479.65,162.29,9.1,True,False,False,False,Υπόλοιπες
SE,Σουηδία,FOR,Εξωτερικό,2018-01-01,1504.05,180.56,8.3,True,False,False,False,Υπόλοιπες
SE,Σουηδία,FOR,Εξωτερικό,2019-01-01,1341.25,166.84,8.0,True,False,False,False,Υπόλοιπες
SE,Σουηδία,FOR,Εξωτερικό,2020-01-01,1174.72,123.4,9.5,True,False,False,False,Υπόλοιπες
SE,Σουηδία,FOR,Εξωτερικό,2021-01-01,1119.51,118.19,9.5,True,False,False,False,Υπόλοιπες
SE,Σουηδία,FOR,Εξωτερικό,2022-01-01,1242.52,146.63,8.5,True,False,False,False,Υπόλοιπες
SE,Σουηδία,FOR,Εξωτερικό,2024-01-01,1466.67,154.43,9.5,True,False,False,False,Υπόλοιπες
SI,Σλοβενία,FOR,Εξωτερικό,2012-01-01,282.96,48.39,5.8,True,False,False,False,Υπόλοιπες
SI,Σλοβενία,FOR,Εξωτερικό,2013-01-01,257.69,47.63,5.4,True,False,False,False,Υπόλοιπες
SI,Σλοβενία,FOR,Εξωτερικό,2014-01-01,263.76,48.32,5.5,True,False,False,False,Υπόλοιπες
SI,Σλοβενία,FOR,Εξωτερικό,2015-01-01,277.75,46.42,6.0,True,False,False,False,Υπόλοιπες
SI,Σλοβενία,FOR,Εξωτερικό,2016-01-01,283.26,46.41,6.1,True,False,False,False,Υπόλοιπες
SI,Σλοβενία,FOR,Εξωτερικό,2017-01-01,272.76,48.69,5.6,True,False,False,False,Υπόλοιπες
SI,Σλοβενία,FOR,Εξωτερικό,2018-01-01,302.5,52.54,5.8,True,False,False,False,Υπόλοιπες
SI,Σλοβενία,FOR,Εξωτερικό,2019-01-01,300.06,54.71,5.5,True,False,False,False,Υπόλοιπες
SI,Σλοβενία,FOR,Εξωτερικό,2020-01-01,201.43,30.39,6.6,True,False,False,False,Υπόλοιπες
SI,Σλοβενία,FOR,Εξωτερικό,2021-01-01,415.87,68.44,6.1,True,False,False,False,Υπόλοιπες
SI,Σλοβενία,FOR,Εξωτερικό,2022-01-01,425.25,72.54,5.9,True,False,False,False,Υπόλοιπες
SI,Σλοβενία,FOR,Εξωτερικό,2023-01-01,473.03,88.58,5.3,True,False,False,False,Υπόλοιπες
SI,Σλοβενία,FOR,Εξωτερικό,2024-01-01,477.33,92.23,5.2,True,False,False,False,Υπόλοιπες
SK,Σλοβακία,FOR,Εξωτερικό,2012-01-01,601.13,76.15,7.9,True,False,False,False,Υπόλοιπες
SK,Σλοβακία,FOR,Εξωτερικό,2013-01-01,504.71,68.29,7.4,True,False,False,False,Υπόλοιπες
SK,Σλοβακία,FOR,Εξωτερικό,2014-01-01,478.16,72.8,6.6,True,False,False,False,Υπόλοιπες
SK,Σλοβακία,FOR,Εξωτερικό,2015-01-01,550.5,73.38,7.5,True,False,False,False,Υπόλοιπες
SK,Σλοβακία,FOR,Εξωτερικό,2016-01-01,482.8,74.28,6.5,True,False,False,False,Υπόλοιπες
SK,Σλοβακία,FOR,Εξωτερικό,2017-01-01,454.29,73.76,6.2,True,False,False,False,Υπόλοιπες
SK,Σλοβακία,FOR,Εξωτερικό,2018-01-01,449.47,71.68,6.3,True,False,False,False,Υπόλοιπες
SK,Σλοβακία,FOR,Εξωτερικό,2019-01-01,470.04,75.15,6.3,True,False,False,False,Υπόλοιπες
SK,Σλοβακία,FOR,Εξωτερικό,2020-01-01,354.49,65.14,5.4,True,False,False,False,Υπόλοιπες
SK,Σλοβακία,FOR,Εξωτερικό,2021-01-01,444.86,74.06,6.0,True,False,False,False,Υπόλοιπες
SK,Σλοβακία,FOR,Εξωτερικό,2022-01-01,533.38,96.5,5.5,True,False,False,False,Υπόλοιπες
SK,Σλοβακία,FOR,Εξωτερικό,2023-01-01,619.56,105.66,5.9,True,False,False,False,Υπόλοιπες
SK,Σλοβακία,FOR,Εξωτερικό,2024-01-01,683.22,118.13,5.8,True,False,False,False,Υπόλοιπες
