geo,proorismos,evro_ana_taxidi,evro_ana_nyxta,taxidia_ana_katoiko,nyxtes_ana_katoiko,nyxtes_ana_taxidi,xora,kratos_melos,xora_krisis,einai_ellada,einai_ee,omada_xrwmatos,proorismos_onoma,imerominia
AT,DOM,349.37,94.74,1.07,3.94,3.7,Αυστρία,True,False,False,False,Υπόλοιπες,Εντός της χώρας,2012-01-01
AT,DOM,347.56,96.89,1.14,4.1,3.6,Αυστρία,True,False,False,False,Υπόλοιπες,Εντός της χώρας,2013-01-01
AT,DOM,327.94,95.16,1.12,3.86,3.4,Αυστρία,True,False,False,False,Υπόλοιπες,Εντός της χώρας,2014-01-01
AT,DOM,363.33,103.5,1.06,3.74,3.5,Αυστρία,True,False,False,False,Υπόλοιπες,Εντός της χώρας,2015-01-01
AT,DOM,370.19,105.61,1.15,4.04,3.5,Αυστρία,True,False,False,False,Υπόλοιπες,Εντός της χώρας,2016-01-01
AT,DOM,370.03,108.48,1.12,3.82,3.4,Αυστρία,True,False,False,False,Υπόλοιπες,Εντός της χώρας,2017-01-01
AT,DOM,363.89,104.62,1.2,4.17,3.5,Αυστρία,True,False,False,False,Υπόλοιπες,Εντός της χώρας,2018-01-01
AT,DOM,374.25,114.04,1.25,4.11,3.3,Αυστρία,True,False,False,False,Υπόλοιπες,Εντός της χώρας,2019-01-01
AT,DOM,368.93,102.74,1.05,3.78,3.6,Αυστρία,True,False,False,False,Υπόλοιπες,Εντός της χώρας,2020-01-01
AT,DOM,357.72,105.95,1.07,3.61,3.4,Αυστρία,True,False,False,False,Υπόλοιπες,Εντός της χώρας,2021-01-01
AT,DOM,390.51,124.88,1.4,4.39,3.1,Αυστρία,True,False,False,False,Υπόλοιπες,Εντός της χώρας,2022-01-01
AT,DOM,430.8,133.65,1.39,4.49,3.2,Αυστρία,True,False,False,False,Υπόλοιπες,Εντός της χώρας,2023-01-01
AT,DOM,467.09,143.42,1.42,4.62,3.3,Αυστρία,True,False,False,False,Υπόλοιπες,Εντός της χώρας,2024-01-01
BE,DOM,233.85,54.76,0.22,0.96,4.3,Βέλγιο,True,False,False,False,Υπόλοιπες,Εντός της χώρας,2012-01-01
BE,DOM,232.42,55.24,0.23,0.97,4.2,Βέλγιο,True,False,False,False,Υπόλοιπες,Εντός της χώρας,2013-01-01
BE,DOM,216.4,54.17,0.2,0.78,4.0,Βέλγιο,True,False,False,False,Υπόλοιπες,Εντός της χώρας,2014-01-01
BE,DOM,195.1,58.43,0.28,0.93,3.3,Βέλγιο,True,False,False,False,Υπόλοιπες,Εντός της χώρας,2015-01-01
BE,DOM,230.83,56.1,0.25,1.02,4.1,Βέλγιο,True,False,False,False,Υπόλοιπες,Εντός της χώρας,2016-01-01
BE,DOM,198.14,58.48,0.26,0.88,3.4,Βέλγιο,True,False,False,False,Υπόλοιπες,Εντός της χώρας,2017-01-01
BE,DOM,213.91,53.73,0.31,1.25,4.0,Βέλγιο,True,False,False,False,Υπόλοιπες,Εντός της χώρας,2018-01-01
BE,DOM,196.67,59.1,0.34,1.13,3.3,Βέλγιο,True,False,False,False,Υπόλοιπες,Εντός της χώρας,2019-01-01
BE,DOM,185.71,48.59,0.29,1.1,3.8,Βέλγιο,True,False,False,False,Υπόλοιπες,Εντός της χώρας,2020-01-01
BE,DOM,210.06,57.5,0.45,1.65,3.7,Βέλγιο,True,False,False,False,Υπόλοιπες,Εντός της χώρας,2021-01-01
BE,DOM,235.37,71.52,0.38,1.26,3.3,Βέλγιο,True,False,False,False,Υπόλοιπες,Εντός της χώρας,2022-01-01
BE,DOM,257.63,80.45,0.39,1.24,3.2,Βέλγιο,True,False,False,False,Υπόλοιπες,Εντός της χώρας,2023-01-01
BE,DOM,275.16,74.99,0.37,1.37,3.7,Βέλγιο,True,False,False,False,Υπόλοιπες,Εντός της χώρας,2024-01-01
BG,DOM,103.49,27.12,0.41,1.57,3.8,Βουλγαρία,True,False,False,False,Υπόλοιπες,Εντός της χώρας,2012-01-01
BG,DOM,107.24,24.44,0.46,2.0,4.4,Βουλγαρία,True,False,False,False,Υπόλοιπες,Εντός της χώρας,2013-01-01
BG,DOM,122.71,30.68,0.43,1.7,4.0,Βουλγαρία,True,False,False,False,Υπόλοιπες,Εντός της χώρας,2014-01-01
BG,DOM,121.25,29.97,0.35,1.41,4.0,Βουλγαρία,True,False,False,False,Υπόλοιπες,Εντός της χώρας,2015-01-01
BG,DOM,117.62,29.27,0.42,1.68,4.0,Βουλγαρία,True,False,False,False,Υπόλοιπες,Εντός της χώρας,2016-01-01
BG,DOM,112.05,29.62,0.67,2.54,3.8,Βουλγαρία,True,False,False,False,Υπόλοιπες,Εντός της χώρας,2017-01-01
BG,DOM,123.88,31.11,0.6,2.38,4.0,Βουλγαρία,True,False,False,False,Υπόλοιπες,Εντός της χώρας,2018-01-01
BG,DOM,132.49,33.29,0.56,2.22,4.0,Βουλγαρία,True,False,False,False,Υπόλοιπες,Εντός της χώρας,2019-01-01
BG,DOM,188.66,43.27,0.34,1.49,4.4,Βουλγαρία,True,False,False,False,Υπόλοιπες,Εντός της χώρας,2020-01-01
BG,DOM,187.25,48.13,0.45,1.74,3.9,Βουλγαρία,True,False,False,False,Υπόλοιπες,Εντός της χώρας,2021-01-01
BG,DOM,223.42,59.17,0.52,1.94,3.8,Βουλγαρία,True,False,False,False,Υπόλοιπες,Εντός της χώρας,2022-01-01
BG,DOM,237.49,58.69,0.56,2.25,4.0,Βουλγαρία,True,False,False,False,Υπόλοιπες,Εντός της χώρας,2023-01-01
BG,DOM,259.11,67.42,0.59,2.28,3.8,Βουλγαρία,True,False,False,False,Υπόλοιπες,Εντός της χώρας,2024-01-01
CY,DOM,70.76,22.07,1.55,4.96,3.2,Κύπρος,True,True,False,False,Υπόλοιπες,Εντός της χώρας,2012-01-01
CY,DOM,133.29,36.91,1.47,5.3,3.6,Κύπρος,True,True,False,False,Υπόλοιπες,Εντός της χώρας,2013-01-01
CY,DOM,147.08,42.16,1.48,5.16,3.5,Κύπρος,True,True,False,False,Υπόλοιπες,Εντός της χώρας,2014-01-01
CY,DOM,114.88,44.16,1.49,3.87,2.6,Κύπρος,True,True,False,False,Υπόλοιπες,Εντός της χώρας,2015-01-01
CY,DOM,120.88,43.38,1.57,4.37,2.8,Κύπρος,True,True,False,False,Υπόλοιπες,Εντός της χώρας,2016-01-01
CY,DOM,136.05,50.95,1.58,4.23,2.7,Κύπρος,True,True,False,False,Υπόλοιπες,Εντός της χώρας,2017-01-01
CY,DOM,120.59,51.25,1.76,4.13,2.4,Κύπρος,True,True,False,False,Υπόλοιπες,Εντός της χώρας,2018-01-01
CY,DOM,128.33,53.09,1.8,4.36,2.4,Κύπρος,True,True,False,False,Υπόλοιπες,Εντός της χώρας,2019-01-01
CY,DOM,145.21,53.36,1.86,5.05,2.7,Κύπρος,True,True,False,False,Υπόλοιπες,Εντός της χώρας,2020-01-01
CY,DOM,139.41,53.61,2.02,5.24,2.6,Κύπρος,True,True,False,False,Υπόλοιπες,Εντός της χώρας,2021-01-01
CY,DOM,154.78,57.5,1.77,4.77,2.7,Κύπρος,True,True,False,False,Υπόλοιπες,Εντός της χώρας,2022-01-01
CY,DOM,186.73,66.62,1.6,4.49,2.8,Κύπρος,True,True,False,False,Υπόλοιπες,Εντός της χώρας,2023-01-01
CY,DOM,183.86,62.23,1.64,4.83,3.0,Κύπρος,True,True,False,False,Υπόλοιπες,Εντός της χώρας,2024-01-01
CZ,DOM,55.63,15.51,2.47,8.86,3.6,Τσεχία,True,False,False,False,Υπόλοιπες,Εντός της χώρας,2012-01-01
CZ,DOM,57.75,15.78,2.31,8.46,3.7,Τσεχία,True,False,False,False,Υπόλοιπες,Εντός της χώρας,2013-01-01
CZ,DOM,50.21,13.69,2.49,9.13,3.7,Τσεχία,True,False,False,False,Υπόλοιπες,Εντός της χώρας,2014-01-01
CZ,DOM,64.87,17.64,2.21,8.12,3.7,Τσεχία,True,False,False,False,Υπόλοιπες,Εντός της χώρας,2015-01-01
CZ,DOM,66.5,18.01,2.47,9.11,3.7,Τσεχία,True,False,False,False,Υπόλοιπες,Εντός της χώρας,2016-01-01
CZ,DOM,70.07,19.89,2.66,9.36,3.5,Τσεχία,True,False,False,False,Υπόλοιπες,Εντός της χώρας,2017-01-01
CZ,DOM,72.38,20.74,2.48,8.64,3.5,Τσεχία,True,False,False,False,Υπόλοιπες,Εντός της χώρας,2018-01-01
CZ,DOM,78.75,21.19,2.5,9.3,3.7,Τσεχία,True,False,False,False,Υπόλοιπες,Εντός της χώρας,2019-01-01
CZ,DOM,80.8,19.35,1.91,7.97,4.2,Τσεχία,True,False,False,False,Υπόλοιπες,Εντός της χώρας,2020-01-01
CZ,DOM,84.3,21.08,2.12,8.49,4.0,Τσεχία,True,False,False,False,Υπόλοιπες,Εντός της χώρας,2021-01-01
CZ,DOM,99.68,28.14,2.39,8.47,3.5,Τσεχία,True,False,False,False,Υπόλοιπες,Εντός της χώρας,2022-01-01
CZ,DOM,119.14,30.8,1.81,7.01,3.9,Τσεχία,True,False,False,False,Υπόλοιπες,Εντός της χώρας,2023-01-01
CZ,DOM,105.29,28.86,1.92,7.0,3.6,Τσεχία,True,False,False,False,Υπόλοιπες,Εντός της χώρας,2024-01-01
DE,DOM,238.83,63.91,1.62,6.04,3.7,Γερμανία,True,False,False,False,Υπόλοιπες,Εντός της χώρας,2012-01-01
DE,DOM,243.97,65.06,1.62,6.08,3.7,Γερμανία,True,False,False,False,Υπόλοιπες,Εντός της χώρας,2013-01-01
DE,DOM,246.47,63.07,1.53,5.97,3.9,Γερμανία,True,False,False,False,Υπόλοιπες,Εντός της χώρας,2014-01-01
DE,DOM,232.94,59.79,1.66,6.46,3.9,Γερμανία,True,False,False,False,Υπόλοιπες,Εντός της χώρας,2015-01-01
DE,DOM,237.76,62.55,1.61,6.13,3.8,Γερμανία,True,False,False,False,Υπόλοιπες,Εντός της χώρας,2016-01-01
DE,DOM,259.96,66.93,1.47,5.72,3.9,Γερμανία,True,False,False,False,Υπόλοιπες,Εντός της χώρας,2017-01-01
DE,DOM,312.13,78.83,1.55,6.14,4.0,Γερμανία,True,False,False,False,Υπόλοιπες,Εντός της χώρας,2018-01-01
DE,DOM,313.58,81.03,1.56,6.04,3.9,Γερμανία,True,False,False,False,Υπόλοιπες,Εντός της χώρας,2019-01-01
DE,DOM,273.75,61.8,1.12,4.96,4.4,Γερμανία,True,False,False,False,Υπόλοιπες,Εντός της χώρας,2020-01-01
DE,DOM,285.43,72.33,1.34,5.27,3.9,Γερμανία,True,False,False,False,Υπόλοιπες,Εντός της χώρας,2021-01-01
DE,DOM,347.02,83.55,1.34,5.58,4.2,Γερμανία,True,False,False,False,Υπόλοιπες,Εντός της χώρας,2022-01-01
DE,DOM,364.29,95.4,1.47,5.63,3.8,Γερμανία,True,False,False,False,Υπόλοιπες,Εντός της χώρας,2023-01-01
DE,DOM,373.97,98.05,1.62,6.18,3.8,Γερμανία,True,False,False,False,Υπόλοιπες,Εντός της χώρας,2024-01-01
DK,DOM,124.95,52.5,3.66,8.7,2.4,Δανία,True,False,False,False,Υπόλοιπες,Εντός της χώρας,2012-01-01
DK,DOM,196.47,86.68,3.96,8.97,2.3,Δανία,True,False,False,False,Υπόλοιπες,Εντός της χώρας,2013-01-01
DK,DOM,232.79,93.38,4.06,10.12,2.5,Δανία,True,False,False,False,Υπόλοιπες,Εντός της χώρας,2014-01-01
DK,DOM,201.24,73.61,4.02,10.98,2.7,Δανία,True,False,False,False,Υπόλοιπες,Εντός της χώρας,2015-01-01
DK,DOM,233.09,98.14,3.57,8.48,2.4,Δανία,True,False,False,False,Υπόλοιπες,Εντός της χώρας,2016-01-01
DK,DOM,334.89,129.18,2.96,7.68,2.6,Δανία,True,False,False,False,Υπόλοιπες,Εντός της χώρας,2017-01-01
DK,DOM,413.33,117.33,1.69,5.95,3.5,Δανία,True,False,False,False,Υπόλοιπες,Εντός της χώρας,2018-01-01
DK,DOM,271.06,82.65,2.88,9.46,3.3,Δανία,True,False,False,False,Υπόλοιπες,Εντός της χώρας,2019-01-01
DK,DOM,210.05,63.89,2.8,9.19,3.3,Δανία,True,False,False,False,Υπόλοιπες,Εντός της χώρας,2020-01-01
DK,DOM,198.19,61.8,2.06,6.6,3.2,Δανία,True,False,False,False,Υπόλοιπες,Εντός της χώρας,2021-01-01
DK,DOM,193.18,63.53,1.86,5.64,3.0,Δανία,True,False,False,False,Υπόλοιπες,Εντός της χώρας,2022-01-01
DK,DOM,164.97,54.03,1.73,5.29,3.1,Δανία,True,False,False,False,Υπόλοιπες,Εντός της χώρας,2023-01-01
DK,DOM,141.97,48.43,2.45,7.18,2.9,Δανία,True,False,False,False,Υπόλοιπες,Εντός της χώρας,2024-01-01
EE,DOM,59.56,21.28,1.21,3.39,2.8,Εσθονία,True,False,False,False,Υπόλοιπες,Εντός της χώρας,2012-01-01
EE,DOM,61.12,27.54,1.18,2.62,2.2,Εσθονία,True,False,False,False,Υπόλοιπες,Εντός της χώρας,2013-01-01
EE,DOM,61.19,29.03,1.72,3.62,2.1,Εσθονία,True,False,False,False,Υπόλοιπες,Εντός της χώρας,2014-01-01
EE,DOM,76.96,35.03,1.81,3.98,2.2,Εσθονία,True,False,False,False,Υπόλοιπες,Εντός της χώρας,2015-01-01
EE,DOM,70.8,35.14,2.15,4.33,2.0,Εσθονία,True,False,False,False,Υπόλοιπες,Εντός της χώρας,2016-01-01
EE,DOM,79.28,37.96,2.18,4.55,2.1,Εσθονία,True,False,False,False,Υπόλοιπες,Εντός της χώρας,2017-01-01
EE,DOM,124.82,65.44,2.99,5.7,1.9,Εσθονία,True,False,False,False,Υπόλοιπες,Εντός της χώρας,2018-01-01
EE,DOM,131.36,67.14,2.32,4.53,2.0,Εσθονία,True,False,False,False,Υπόλοιπες,Εντός της χώρας,2019-01-01
EE,DOM,152.83,72.15,1.46,3.1,2.1,Εσθονία,True,False,False,False,Υπόλοιπες,Εντός της χώρας,2020-01-01
EE,DOM,176.5,77.25,1.55,3.54,2.3,Εσθονία,True,False,False,False,Υπόλοιπες,Εντός της χώρας,2021-01-01
EE,DOM,164.78,81.67,1.77,3.57,2.0,Εσθονία,True,False,False,False,Υπόλοιπες,Εντός της χώρας,2022-01-01
EE,DOM,178.48,88.01,2.1,4.25,2.0,Εσθονία,True,False,False,False,Υπόλοιπες,Εντός της χώρας,2023-01-01
EE,DOM,179.86,85.25,2.25,4.75,2.1,Εσθονία,True,False,False,False,Υπόλοιπες,Εντός της χώρας,2024-01-01
EL,DOM,182.31,25.21,0.57,4.1,7.2,Ελλάδα,True,True,True,False,Ελλάδα,Εντός της χώρας,2012-01-01
EL,DOM,258.54,24.88,0.42,4.38,10.4,Ελλάδα,True,True,True,False,Ελλάδα,Εντός της χώρας,2013-01-01
EL,DOM,251.83,25.27,0.49,4.9,10.0,Ελλάδα,True,True,True,False,Ελλάδα,Εντός της χώρας,2014-01-01
EL,DOM,260.27,25.9,0.45,4.52,10.1,Ελλάδα,True,True,True,False,Ελλάδα,Εντός της χώρας,2015-01-01
EL,DOM,279.58,27.64,0.43,4.33,10.1,Ελλάδα,True,True,True,False,Ελλάδα,Εντός της χώρας,2016-01-01
EL,DOM,263.11,26.01,0.5,5.01,10.1,Ελλάδα,True,True,True,False,Ελλάδα,Εντός της χώρας,2017-01-01
EL,DOM,309.81,28.7,0.52,5.6,10.8,Ελλάδα,True,True,True,False,Ελλάδα,Εντός της χώρας,2018-01-01
EL,DOM,321.65,29.63,0.47,5.05,10.9,Ελλάδα,True,True,True,False,Ελλάδα,Εντός της χώρας,2019-01-01
EL,DOM,324.19,26.63,0.41,4.98,12.2,Ελλάδα,True,True,True,False,Ελλάδα,Εντός της χώρας,2020-01-01
EL,DOM,364.54,31.05,0.45,5.26,11.7,Ελλάδα,True,True,True,False,Ελλάδα,Εντός της χώρας,2021-01-01
EL,DOM,386.15,38.09,0.56,5.64,10.1,Ελλάδα,True,True,True,False,Ελλάδα,Εντός της χώρας,2022-01-01
EL,DOM,390.63,39.8,0.55,5.43,9.8,Ελλάδα,True,True,True,False,Ελλάδα,Εντός της χώρας,2023-01-01
EL,DOM,401.79,39.72,0.58,5.83,10.1,Ελλάδα,True,True,True,False,Ελλάδα,Εντός της χώρας,2024-01-01
ES,DOM,136.29,30.67,2.46,10.93,4.4,Ισπανία,True,True,False,False,Υπόλοιπες,Εντός της χώρας,2012-01-01
ES,DOM,144.72,30.84,2.43,11.41,4.7,Ισπανία,True,True,False,False,Υπόλοιπες,Εντός της χώρας,2013-01-01
ES,DOM,144.62,31.75,2.37,10.81,4.6,Ισπανία,True,True,False,False,Υπόλοιπες,Εντός της χώρας,2014-01-01
ES,DOM,165.2,42.29,2.55,9.95,3.9,Ισπανία,True,True,False,False,Υπόλοιπες,Εντός της χώρας,2015-01-01
ES,DOM,171.47,43.84,2.69,10.52,3.9,Ισπανία,True,True,False,False,Υπόλοιπες,Εντός της χώρας,2016-01-01
ES,DOM,174.42,46.03,2.83,10.74,3.8,Ισπανία,True,True,False,False,Υπόλοιπες,Εντός της χώρας,2017-01-01
ES,DOM,178.98,48.53,2.83,10.42,3.7,Ισπανία,True,True,False,False,Υπόλοιπες,Εντός της χώρας,2018-01-01
ES,DOM,188.86,49.79,2.77,10.5,3.8,Ισπανία,True,True,False,False,Υπόλοιπες,Εντός της χώρας,2019-01-01
ES,DOM,188.75,39.59,1.52,7.27,4.8,Ισπανία,True,True,False,False,Υπόλοιπες,Εντός της χώρας,2020-01-01
ES,DOM,204.76,49.4,2.18,9.05,4.1,Ισπανία,True,True,False,False,Υπόλοιπες,Εντός της χώρας,2021-01-01
ES,DOM,232.9,58.44,2.5,9.95,4.0,Ισπανία,True,True,False,False,Υπόλοιπες,Εντός της χώρας,2022-01-01
ES,DOM,250.49,63.37,2.57,10.15,4.0,Ισπανία,True,True,False,False,Υπόλοιπες,Εντός της χώρας,2023-01-01
ES,DOM,258.08,65.05,2.55,10.1,4.0,Ισπανία,True,True,False,False,Υπόλοιπες,Εντός της χώρας,2024-01-01
EU27_2020,DOM,191.61,43.81,1.63,7.15,4.4,Ευρωπαϊκή Ένωση (27),False,False,False,True,ΕΕ27,Εντός της χώρας,2012-01-01
EU27_2020,DOM,196.14,44.11,1.61,7.14,4.4,Ευρωπαϊκή Ένωση (27),False,False,False,True,ΕΕ27,Εντός της χώρας,2013-01-01
EU27_2020,DOM,192.28,43.86,1.58,6.92,4.4,Ευρωπαϊκή Ένωση (27),False,False,False,True,ΕΕ27,Εντός της χώρας,2014-01-01
EU27_2020,DOM,197.28,46.38,1.57,6.69,4.3,Ευρωπαϊκή Ένωση (27),False,False,False,True,ΕΕ27,Εντός της χώρας,2015-01-01
EU27_2020,DOM,201.98,47.92,1.6,6.74,4.2,Ευρωπαϊκή Ένωση (27),False,False,False,True,ΕΕ27,Εντός της χώρας,2016-01-01
EU27_2020,DOM,221.71,53.41,1.64,6.8,4.2,Ευρωπαϊκή Ένωση (27),False,False,False,True,ΕΕ27,Εντός της χώρας,2017-01-01
EU27_2020,DOM,233.22,55.87,1.65,6.88,4.2,Ευρωπαϊκή Ένωση (27),False,False,False,True,ΕΕ27,Εντός της χώρας,2018-01-01
EU27_2020,DOM,233.75,56.57,1.66,6.85,4.1,Ευρωπαϊκή Ένωση (27),False,False,False,True,ΕΕ27,Εντός της χώρας,2019-01-01
EU27_2020,DOM,225.79,49.12,1.26,5.77,4.6,Ευρωπαϊκή Ένωση (27),False,False,False,True,ΕΕ27,Εντός της χώρας,2020-01-01
EU27_2020,DOM,235.03,54.78,1.53,6.57,4.3,Ευρωπαϊκή Ένωση (27),False,False,False,True,ΕΕ27,Εντός της χώρας,2021-01-01
EU27_2020,DOM,264.02,63.38,1.64,6.84,4.2,Ευρωπαϊκή Ένωση (27),False,False,False,True,ΕΕ27,Εντός της χώρας,2022-01-01
EU27_2020,DOM,274.04,67.45,1.68,6.81,4.1,Ευρωπαϊκή Ένωση (27),False,False,False,True,ΕΕ27,Εντός της χώρας,2023-01-01
EU27_2020,DOM,289.88,71.86,1.69,6.82,4.0,Ευρωπαϊκή Ένωση (27),False,False,False,True,ΕΕ27,Εντός της χώρας,2024-01-01
FI,DOM,178.74,65.13,4.94,13.57,2.7,Φινλανδία,True,False,False,False,Υπόλοιπες,Εντός της χώρας,2012-01-01
FI,DOM,176.29,61.84,4.88,13.9,2.9,Φινλανδία,True,False,False,False,Υπόλοιπες,Εντός της χώρας,2013-01-01
FI,DOM,172.13,60.41,4.62,13.15,2.8,Φινλανδία,True,False,False,False,Υπόλοιπες,Εντός της χώρας,2014-01-01
FI,DOM,172.56,61.22,4.69,13.23,2.8,Φινλανδία,True,False,False,False,Υπόλοιπες,Εντός της χώρας,2015-01-01
FI,DOM,168.27,59.48,4.72,13.35,2.8,Φινλανδία,True,False,False,False,Υπόλοιπες,Εντός της χώρας,2016-01-01
FI,DOM,167.41,60.31,4.79,13.3,2.8,Φινλανδία,True,False,False,False,Υπόλοιπες,Εντός της χώρας,2017-01-01
FI,DOM,180.22,64.39,4.66,13.03,2.8,Φινλανδία,True,False,False,False,Υπόλοιπες,Εντός της χώρας,2018-01-01
FI,DOM,177.68,61.37,4.66,13.49,2.9,Φινλανδία,True,False,False,False,Υπόλοιπες,Εντός της χώρας,2019-01-01
FI,DOM,183.52,47.01,3.87,15.09,3.9,Φινλανδία,True,False,False,False,Υπόλοιπες,Εντός της χώρας,2020-01-01
FI,DOM,172.79,49.15,5.01,17.6,3.5,Φινλανδία,True,False,False,False,Υπόλοιπες,Εντός της χώρας,2021-01-01
FI,DOM,210.69,61.13,4.42,15.23,3.4,Φινλανδία,True,False,False,False,Υπόλοιπες,Εντός της χώρας,2022-01-01
FI,DOM,220.99,65.04,3.83,13.01,3.4,Φινλανδία,True,False,False,False,Υπόλοιπες,Εντός της χώρας,2023-01-01
FI,DOM,204.43,62.1,4.27,14.06,3.3,Φινλανδία,True,False,False,False,Υπόλοιπες,Εντός της χώρας,2024-01-01
FR,DOM,246.24,46.19,2.77,14.79,5.3,Γαλλία,True,False,False,False,Υπόλοιπες,Εντός της χώρας,2012-01-01
FR,DOM,248.56,46.33,2.76,14.79,5.4,Γαλλία,True,False,False,False,Υπόλοιπες,Εντός της χώρας,2013-01-01
FR,DOM,255.47,47.9,2.74,14.62,5.3,Γαλλία,True,False,False,False,Υπόλοιπες,Εντός της χώρας,2014-01-01
FR,DOM,261.07,48.47,2.43,13.11,5.4,Γαλλία,True,False,False,False,Υπόλοιπες,Εντός της χώρας,2015-01-01
FR,DOM,266.43,49.63,2.38,12.77,5.4,Γαλλία,True,False,False,False,Υπόλοιπες,Εντός της χώρας,2016-01-01
FR,DOM,272.93,55.41,2.57,12.64,4.9,Γαλλία,True,False,False,False,Υπόλοιπες,Εντός της χώρας,2017-01-01
FR,DOM,291.28,58.14,2.53,12.67,5.0,Γαλλία,True,False,False,False,Υπόλοιπες,Εντός της χώρας,2018-01-01
FR,DOM,278.03,57.7,2.48,11.97,4.8,Γαλλία,True,False,False,False,Υπόλοιπες,Εντός της χώρας,2019-01-01
FR,DOM,291.46,55.42,2.05,10.8,5.3,Γαλλία,True,False,False,False,Υπόλοιπες,Εντός της χώρας,2020-01-01
FR,DOM,280.62,58.43,2.51,12.08,4.8,Γαλλία,True,False,False,False,Υπόλοιπες,Εντός της χώρας,2021-01-01
FR,DOM,304.58,66.16,2.68,12.33,4.6,Γαλλία,True,False,False,False,Υπόλοιπες,Εντός της χώρας,2022-01-01
FR,DOM,290.64,64.52,2.75,12.39,4.5,Γαλλία,True,False,False,False,Υπόλοιπες,Εντός της χώρας,2023-01-01
FR,DOM,296.59,64.54,2.57,11.81,4.6,Γαλλία,True,False,False,False,Υπόλοιπες,Εντός της χώρας,2024-01-01
HR,DOM,137.51,26.97,1.2,6.1,5.1,Κροατία,True,False,False,False,Υπόλοιπες,Εντός της χώρας,2012-01-01
HR,DOM,146.91,29.28,1.26,6.34,5.0,Κροατία,True,False,False,False,Υπόλοιπες,Εντός της χώρας,2013-01-01
HR,DOM,119.4,22.48,1.1,5.85,5.3,Κροατία,True,False,False,False,Υπόλοιπες,Εντός της χώρας,2014-01-01
HR,DOM,147.64,23.9,0.86,5.33,6.2,Κροατία,True,False,False,False,Υπόλοιπες,Εντός της χώρας,2015-01-01
HR,DOM,162.67,24.67,0.62,4.09,6.6,Κροατία,True,False,False,False,Υπόλοιπες,Εντός της χώρας,2016-01-01
HR,DOM,183.6,26.99,0.63,4.29,6.8,Κροατία,True,False,False,False,Υπόλοιπες,Εντός της χώρας,2017-01-01
HR,DOM,184.55,31.82,0.69,4.03,5.8,Κροατία,True,False,False,False,Υπόλοιπες,Εντός της χώρας,2018-01-01
HR,DOM,175.78,30.52,0.84,4.81,5.8,Κροατία,True,False,False,False,Υπόλοιπες,Εντός της χώρας,2019-01-01
HR,DOM,179.48,28.57,0.6,3.78,6.3,Κροατία,True,False,False,False,Υπόλοιπες,Εντός της χώρας,2020-01-01
HR,DOM,221.93,36.9,0.78,4.68,6.0,Κροατία,True,False,False,False,Υπόλοιπες,Εντός της χώρας,2021-01-01
HR,DOM,248.83,38.61,0.75,4.84,6.4,Κροατία,True,False,False,False,Υπόλοιπες,Εντός της χώρας,2022-01-01
HR,DOM,280.21,45.84,0.85,5.19,6.1,Κροατία,True,False,False,False,Υπόλοιπες,Εντός της χώρας,2023-01-01
HR,DOM,343.07,60.84,0.93,5.23,5.6,Κροατία,True,False,False,False,Υπόλοιπες,Εντός της χώρας,2024-01-01
HU,DOM,55.63,17.65,1.41,4.45,3.2,Ουγγαρία,True,False,False,False,Υπόλοιπες,Εντός της χώρας,2012-01-01
HU,DOM,64.49,20.0,1.18,3.79,3.2,Ουγγαρία,True,False,False,False,Υπόλοιπες,Εντός της χώρας,2013-01-01
HU,DOM,67.14,21.39,1.25,3.91,3.1,Ουγγαρία,True,False,False,False,Υπόλοιπες,Εντός της χώρας,2014-01-01
HU,DOM,67.39,22.07,1.26,3.83,3.1,Ουγγαρία,True,False,False,False,Υπόλοιπες,Εντός της χώρας,2015-01-01
HU,DOM,70.25,22.96,1.21,3.69,3.1,Ουγγαρία,True,False,False,False,Υπόλοιπες,Εντός της χώρας,2016-01-01
HU,DOM,77.06,25.71,1.22,3.66,3.0,Ουγγαρία,True,False,False,False,Υπόλοιπες,Εντός της χώρας,2017-01-01
HU,DOM,79.66,25.22,1.2,3.8,3.2,Ουγγαρία,True,False,False,False,Υπόλοιπες,Εντός της χώρας,2018-01-01
HU,DOM,87.79,27.99,1.21,3.81,3.1,Ουγγαρία,True,False,False,False,Υπόλοιπες,Εντός της χώρας,2019-01-01
HU,DOM,102.62,29.97,0.76,2.62,3.4,Ουγγαρία,True,False,False,False,Υπόλοιπες,Εντός της χώρας,2020-01-01
HU,DOM,99.86,31.04,0.86,2.78,3.2,Ουγγαρία,True,False,False,False,Υπόλοιπες,Εντός της χώρας,2021-01-01
HU,DOM,108.1,36.78,1.08,3.17,2.9,Ουγγαρία,True,False,False,False,Υπόλοιπες,Εντός της χώρας,2022-01-01
HU,DOM,134.11,44.03,1.1,3.36,3.0,Ουγγαρία,True,False,False,False,Υπόλοιπες,Εντός της χώρας,2023-01-01
HU,DOM,144.82,48.22,1.11,3.33,3.0,Ουγγαρία,True,False,False,False,Υπόλοιπες,Εντός της χώρας,2024-01-01
IE,DOM,191.86,68.09,1.33,3.74,2.8,Ιρλανδία,True,True,False,False,Υπόλοιπες,Εντός της χώρας,2012-01-01
IE,DOM,184.82,67.18,1.34,3.69,2.8,Ιρλανδία,True,True,False,False,Υπόλοιπες,Εντός της χώρας,2013-01-01
IE,DOM,195.89,70.24,1.38,3.86,2.8,Ιρλανδία,True,True,False,False,Υπόλοιπες,Εντός της χώρας,2014-01-01
IE,DOM,195.54,73.93,1.39,3.67,2.6,Ιρλανδία,True,True,False,False,Υπόλοιπες,Εντός της χώρας,2015-01-01
IE,DOM,199.42,76.07,1.43,3.76,2.6,Ιρλανδία,True,True,False,False,Υπόλοιπες,Εντός της χώρας,2016-01-01
IE,DOM,196.46,76.5,1.48,3.8,2.6,Ιρλανδία,True,True,False,False,Υπόλοιπες,Εντός της χώρας,2017-01-01
IE,DOM,185.8,73.33,1.66,4.21,2.5,Ιρλανδία,True,True,False,False,Υπόλοιπες,Εντός της χώρας,2018-01-01
IE,DOM,195.38,78.37,1.72,4.29,2.5,Ιρλανδία,True,True,False,False,Υπόλοιπες,Εντός της χώρας,2019-01-01
IE,DOM,204.05,69.0,1.16,3.43,3.0,Ιρλανδία,True,True,False,False,Υπόλοιπες,Εντός της χώρας,2020-01-01
IE,DOM,239.75,77.93,0.84,2.58,3.1,Ιρλανδία,True,True,False,False,Υπόλοιπες,Εντός της χώρας,2021-01-01
IE,DOM,222.74,89.97,1.92,4.75,2.5,Ιρλανδία,True,True,False,False,Υπόλοιπες,Εντός της χώρας,2022-01-01
IE,DOM,227.76,94.08,1.74,4.21,2.4,Ιρλανδία,True,True,False,False,Υπόλοιπες,Εντός της χώρας,2023-01-01
IE,DOM,230.14,102.37,2.4,5.39,2.2,Ιρλανδία,True,True,False,False,Υπόλοιπες,Εντός της χώρας,2024-01-01
IT,DOM,318.14,50.94,0.72,4.48,6.2,Ιταλία,True,True,False,False,Υπόλοιπες,Εντός της χώρας,2012-01-01
IT,DOM,313.54,47.97,0.6,3.95,6.5,Ιταλία,True,True,False,False,Υπόλοιπες,Εντός της χώρας,2013-01-01
IT,DOM,247.8,45.46,0.62,3.36,5.5,Ιταλία,True,True,False,False,Υπόλοιπες,Εντός της χώρας,2014-01-01
IT,DOM,294.66,54.66,0.59,3.16,5.4,Ιταλία,True,True,False,False,Υπόλοιπες,Εντός της χώρας,2015-01-01
IT,DOM,301.05,57.96,0.7,3.63,5.2,Ιταλία,True,True,False,False,Υπόλοιπες,Εντός της χώρας,2016-01-01
IT,DOM,328.49,59.57,0.68,3.75,5.5,Ιταλία,True,True,False,False,Υπόλοιπες,Εντός της χώρας,2017-01-01
IT,DOM,296.49,58.93,0.79,3.98,5.0,Ιταλία,True,True,False,False,Υπόλοιπες,Εντός της χώρας,2018-01-01
IT,DOM,325.9,60.95,0.7,3.74,5.3,Ιταλία,True,True,False,False,Υπόλοιπες,Εντός της χώρας,2019-01-01
IT,DOM,342.05,58.13,0.45,2.67,5.9,Ιταλία,True,True,False,False,Υπόλοιπες,Εντός της χώρας,2020-01-01
IT,DOM,380.01,58.96,0.51,3.26,6.4,Ιταλία,True,True,False,False,Υπόλοιπες,Εντός της χώρας,2021-01-01
IT,DOM,381.34,63.71,0.59,3.55,6.0,Ιταλία,True,True,False,False,Υπόλοιπες,Εντός της χώρας,2022-01-01
IT,DOM,401.12,69.16,0.55,3.19,5.8,Ιταλία,True,True,False,False,Υπόλοιπες,Εντός της χώρας,2023-01-01
IT,DOM,420.07,68.89,0.5,3.07,6.1,Ιταλία,True,True,False,False,Υπόλοιπες,Εντός της χώρας,2024-01-01
LT,DOM,46.39,16.58,0.74,2.06,2.8,Λιθουανία,True,False,False,False,Υπόλοιπες,Εντός της χώρας,2012-01-01
LT,DOM,47.24,16.78,0.77,2.16,2.8,Λιθουανία,True,False,False,False,Υπόλοιπες,Εντός της χώρας,2013-01-01
LT,DOM,50.43,18.53,0.79,2.15,2.7,Λιθουανία,True,False,False,False,Υπόλοιπες,Εντός της χώρας,2014-01-01
LT,DOM,58.39,20.96,0.8,2.22,2.8,Λιθουανία,True,False,False,False,Υπόλοιπες,Εντός της χώρας,2015-01-01
LT,DOM,65.1,23.17,0.77,2.17,2.8,Λιθουανία,True,False,False,False,Υπόλοιπες,Εντός της χώρας,2016-01-01
LT,DOM,70.73,24.68,0.78,2.22,2.9,Λιθουανία,True,False,False,False,Υπόλοιπες,Εντός της χώρας,2017-01-01
LT,DOM,72.9,25.69,0.82,2.32,2.8,Λιθουανία,True,False,False,False,Υπόλοιπες,Εντός της χώρας,2018-01-01
LT,DOM,70.72,26.11,0.87,2.37,2.7,Λιθουανία,True,False,False,False,Υπόλοιπες,Εντός της χώρας,2019-01-01
LT,DOM,83.19,32.71,0.76,1.93,2.5,Λιθουανία,True,False,False,False,Υπόλοιπες,Εντός της χώρας,2020-01-01
LT,DOM,87.39,35.42,0.97,2.39,2.5,Λιθουανία,True,False,False,False,Υπόλοιπες,Εντός της χώρας,2021-01-01
LT,DOM,102.7,45.27,1.12,2.53,2.3,Λιθουανία,True,False,False,False,Υπόλοιπες,Εντός της χώρας,2022-01-01
LT,DOM,107.65,46.54,1.2,2.76,2.3,Λιθουανία,True,False,False,False,Υπόλοιπες,Εντός της χώρας,2023-01-01
LT,DOM,104.4,45.76,1.41,3.22,2.3,Λιθουανία,True,False,False,False,Υπόλοιπες,Εντός της χώρας,2024-01-01
LU,DOM,139.58,52.58,0.08,0.22,2.7,Λουξεμβούργο,True,False,False,False,Υπόλοιπες,Εντός της χώρας,2012-01-01
LU,DOM,186.25,90.69,0.1,0.2,2.1,Λουξεμβούργο,True,False,False,False,Υπόλοιπες,Εντός της χώρας,2013-01-01
LU,DOM,434.82,168.55,0.05,0.12,2.6,Λουξεμβούργο,True,False,False,False,Υπόλοιπες,Εντός της χώρας,2014-01-01
LU,DOM,477.8,111.39,0.04,0.15,4.3,Λουξεμβούργο,True,False,False,False,Υπόλοιπες,Εντός της χώρας,2015-01-01
LU,DOM,549.0,100.43,0.03,0.17,5.5,Λουξεμβούργο,True,False,False,False,Υπόλοιπες,Εντός της χώρας,2016-01-01
LU,DOM,213.47,47.45,0.05,0.25,4.5,Λουξεμβούργο,True,False,False,False,Υπόλοιπες,Εντός της χώρας,2017-01-01
LU,DOM,223.95,59.93,0.06,0.22,3.7,Λουξεμβούργο,True,False,False,False,Υπόλοιπες,Εντός της χώρας,2018-01-01
LU,DOM,265.03,88.97,0.05,0.14,3.0,Λουξεμβούργο,True,False,False,False,Υπόλοιπες,Εντός της χώρας,2019-01-01
LU,DOM,251.91,86.72,0.22,0.63,2.9,Λουξεμβούργο,True,False,False,False,Υπόλοιπες,Εντός της χώρας,2020-01-01
LU,DOM,261.0,65.6,0.23,0.92,4.0,Λουξεμβούργο,True,False,False,False,Υπόλοιπες,Εντός της χώρας,2021-01-01
LU,DOM,463.63,97.45,0.24,1.15,4.8,Λουξεμβούργο,True,False,False,False,Υπόλοιπες,Εντός της χώρας,2022-01-01
LU,DOM,379.33,107.35,0.29,1.01,3.5,Λουξεμβούργο,True,False,False,False,Υπόλοιπες,Εντός της χώρας,2023-01-01
LU,DOM,348.66,94.77,0.21,0.75,3.7,Λουξεμβούργο,True,False,False,False,Υπόλοιπες,Εντός της χώρας,2024-01-01
LV,DOM,33.74,15.97,1.79,3.77,2.1,Λετονία,True,False,False,False,Υπόλοιπες,Εντός της χώρας,2012-01-01
LV,DOM,38.87,16.94,1.5,3.44,2.3,Λετονία,True,False,False,False,Υπόλοιπες,Εντός της χώρας,2013-01-01
LV,DOM,36.76,14.2,1.59,4.12,2.6,Λετονία,True,False,False,False,Υπόλοιπες,Εντός της χώρας,2014-01-01
LV,DOM,39.28,17.78,1.46,3.22,2.2,Λετονία,True,False,False,False,Υπόλοιπες,Εντός της χώρας,2015-01-01
LV,DOM,35.2,14.97,1.54,3.62,2.4,Λετονία,True,False,False,False,Υπόλοιπες,Εντός της χώρας,2016-01-01
LV,DOM,42.23,17.66,1.47,3.52,2.4,Λετονία,True,False,False,False,Υπόλοιπες,Εντός της χώρας,2017-01-01
LV,DOM,46.12,21.53,1.31,2.81,2.1,Λετονία,True,False,False,False,Υπόλοιπες,Εντός της χώρας,2018-01-01
LV,DOM,54.2,23.86,1.29,2.93,2.3,Λετονία,True,False,False,False,Υπόλοιπες,Εντός της χώρας,2019-01-01
LV,DOM,52.84,17.76,0.7,2.08,3.0,Λετονία,True,False,False,False,Υπόλοιπες,Εντός της χώρας,2020-01-01
LV,DOM,66.94,24.5,1.25,3.42,2.7,Λετονία,True,False,False,False,Υπόλοιπες,Εντός της χώρας,2021-01-01
LV,DOM,65.97,26.0,1.47,3.72,2.5,Λετονία,True,False,False,False,Υπόλοιπες,Εντός της χώρας,2022-01-01
LV,DOM,71.56,29.8,1.51,3.63,2.4,Λετονία,True,False,False,False,Υπόλοιπες,Εντός της χώρας,2023-01-01
LV,DOM,68.05,30.05,1.62,3.67,2.3,Λετονία,True,False,False,False,Υπόλοιπες,Εντός της χώρας,2024-01-01
MT,DOM,127.02,43.6,0.48,1.39,2.9,Μάλτα,True,False,False,False,Υπόλοιπες,Εντός της χώρας,2012-01-01
MT,DOM,122.74,49.69,0.44,1.08,2.5,Μάλτα,True,False,False,False,Υπόλοιπες,Εντός της χώρας,2013-01-01
MT,DOM,149.44,58.68,0.45,1.15,2.5,Μάλτα,True,False,False,False,Υπόλοιπες,Εντός της χώρας,2014-01-01
MT,DOM,145.95,53.08,0.45,1.24,2.7,Μάλτα,True,False,False,False,Υπόλοιπες,Εντός της χώρας,2015-01-01
MT,DOM,161.34,60.62,0.67,1.77,2.7,Μάλτα,True,False,False,False,Υπόλοιπες,Εντός της χώρας,2016-01-01
MT,DOM,165.83,60.38,0.54,1.49,2.7,Μάλτα,True,False,False,False,Υπόλοιπες,Εντός της χώρας,2017-01-01
MT,DOM,166.28,62.59,0.49,1.31,2.7,Μάλτα,True,False,False,False,Υπόλοιπες,Εντός της χώρας,2018-01-01
MT,DOM,169.17,63.83,0.45,1.19,2.7,Μάλτα,True,False,False,False,Υπόλοιπες,Εντός της χώρας,2019-01-01
MT,DOM,159.11,53.46,0.68,2.02,3.0,Μάλτα,True,False,False,False,Υπόλοιπες,Εντός της χώρας,2020-01-01
MT,DOM,177.03,62.88,0.72,2.03,2.8,Μάλτα,True,False,False,False,Υπόλοιπες,Εντός της χώρας,2021-01-01
MT,DOM,170.52,62.45,0.67,1.84,2.7,Μάλτα,True,False,False,False,Υπόλοιπες,Εντός της χώρας,2022-01-01
MT,DOM,158.55,64.64,0.78,1.91,2.5,Μάλτα,True,False,False,False,Υπόλοιπες,Εντός της χώρας,2023-01-01
MT,DOM,167.08,63.4,0.74,1.96,2.6,Μάλτα,True,False,False,False,Υπόλοιπες,Εντός της χώρας,2024-01-01
NL,DOM,97.44,25.3,1.64,6.33,3.9,Ολλανδία,True,False,False,False,Υπόλοιπες,Εντός της χώρας,2012-01-01
NL,DOM,103.27,26.8,1.48,5.69,3.9,Ολλανδία,True,False,False,False,Υπόλοιπες,Εντός της χώρας,2013-01-01
NL,DOM,114.56,30.05,1.42,5.41,3.8,Ολλανδία,True,False,False,False,Υπόλοιπες,Εντός της χώρας,2014-01-01
NL,DOM,125.32,31.7,1.37,5.41,4.0,Ολλανδία,True,False,False,False,Υπόλοιπες,Εντός της χώρας,2015-01-01
NL,DOM,133.05,32.79,1.38,5.59,4.1,Ολλανδία,True,False,False,False,Υπόλοιπες,Εντός της χώρας,2016-01-01
NL,DOM,138.33,33.28,1.35,5.61,4.2,Ολλανδία,True,False,False,False,Υπόλοιπες,Εντός της χώρας,2017-01-01
NL,DOM,166.44,38.64,1.29,5.56,4.3,Ολλανδία,True,False,False,False,Υπόλοιπες,Εντός της χώρας,2018-01-01
NL,DOM,148.49,34.98,1.33,5.63,4.2,Ολλανδία,True,False,False,False,Υπόλοιπες,Εντός της χώρας,2019-01-01
NL,DOM,118.72,26.27,1.15,5.19,4.5,Ολλανδία,True,False,False,False,Υπόλοιπες,Εντός της χώρας,2020-01-01
NL,DOM,199.7,52.34,1.73,6.62,3.8,Ολλανδία,True,False,False,False,Υπόλοιπες,Εντός της χώρας,2021-01-01
NL,DOM,212.91,52.41,1.16,4.71,4.1,Ολλανδία,True,False,False,False,Υπόλοιπες,Εντός της χώρας,2022-01-01
NL,DOM,223.31,54.52,1.17,4.8,4.1,Ολλανδία,True,False,False,False,Υπόλοιπες,Εντός της χώρας,2023-01-01
NL,DOM,225.67,62.69,1.17,4.21,3.6,Ολλανδία,True,False,False,False,Υπόλοιπες,Εντός της χώρας,2024-01-01
PL,DOM,190.25,40.58,1.01,4.75,4.7,Πολωνία,True,False,False,False,Υπόλοιπες,Εντός της χώρας,2012-01-01
PL,DOM,174.4,37.06,1.02,4.82,4.7,Πολωνία,True,False,False,False,Υπόλοιπες,Εντός της χώρας,2013-01-01
PL,DOM,103.06,22.14,0.98,4.55,4.7,Πολωνία,True,False,False,False,Υπόλοιπες,Εντός της χώρας,2014-01-01
PL,DOM,112.59,23.97,1.02,4.77,4.7,Πολωνία,True,False,False,False,Υπόλοιπες,Εντός της χώρας,2015-01-01
PL,DOM,117.2,24.99,1.11,5.21,4.7,Πολωνία,True,False,False,False,Υπόλοιπες,Εντός της χώρας,2016-01-01
PL,DOM,126.1,26.86,1.17,5.47,4.7,Πολωνία,True,False,False,False,Υπόλοιπες,Εντός της χώρας,2017-01-01
PL,DOM,133.89,28.21,1.21,5.75,4.7,Πολωνία,True,False,False,False,Υπόλοιπες,Εντός της χώρας,2018-01-01
PL,DOM,140.56,29.92,1.27,5.98,4.7,Πολωνία,True,False,False,False,Υπόλοιπες,Εντός της χώρας,2019-01-01
PL,DOM,142.2,29.71,0.99,4.76,4.8,Πολωνία,True,False,False,False,Υπόλοιπες,Εντός της χώρας,2020-01-01
PL,DOM,149.13,31.32,1.21,5.77,4.8,Πολωνία,True,False,False,False,Υπόλοιπες,Εντός της χώρας,2021-01-01
PL,DOM,169.91,36.35,1.36,6.34,4.7,Πολωνία,True,False,False,False,Υπόλοιπες,Εντός της χώρας,2022-01-01
PL,DOM,186.01,40.82,1.37,6.24,4.6,Πολωνία,True,False,False,False,Υπόλοιπες,Εντός της χώρας,2023-01-01
PL,DOM,210.74,46.58,1.39,6.27,4.5,Πολωνία,True,False,False,False,Υπόλοιπες,Εντός της χώρας,2024-01-01
PT,DOM,84.4,22.09,1.12,4.3,3.8,Πορτογαλία,True,True,False,False,Υπόλοιπες,Εντός της χώρας,2012-01-01
PT,DOM,79.8,18.04,1.21,5.35,4.4,Πορτογαλία,True,True,False,False,Υπόλοιπες,Εντός της χώρας,2013-01-01
PT,DOM,103.24,26.83,1.17,4.49,3.8,Πορτογαλία,True,True,False,False,Υπόλοιπες,Εντός της χώρας,2014-01-01
PT,DOM,112.61,29.91,1.25,4.7,3.8,Πορτογαλία,True,True,False,False,Υπόλοιπες,Εντός της χώρας,2015-01-01
PT,DOM,104.59,28.57,1.27,4.65,3.7,Πορτογαλία,True,True,False,False,Υπόλοιπες,Εντός της χώρας,2016-01-01
PT,DOM,113.06,30.95,1.4,5.12,3.7,Πορτογαλία,True,True,False,False,Υπόλοιπες,Εντός της χώρας,2017-01-01
PT,DOM,122.38,34.32,1.44,5.15,3.6,Πορτογαλία,True,True,False,False,Υπόλοιπες,Εντός της χώρας,2018-01-01
PT,DOM,134.66,37.21,1.59,5.77,3.6,Πορτογαλία,True,True,False,False,Υπόλοιπες,Εντός της χώρας,2019-01-01
PT,DOM,161.06,33.55,1.06,5.07,4.8,Πορτογαλία,True,True,False,False,Υπόλοιπες,Εντός της χώρας,2020-01-01
PT,DOM,174.52,38.53,1.25,5.65,4.5,Πορτογαλία,True,True,False,False,Υπόλοιπες,Εντός της χώρας,2021-01-01
PT,DOM,166.64,44.27,1.45,5.45,3.8,Πορτογαλία,True,True,False,False,Υπόλοιπες,Εντός της χώρας,2022-01-01
PT,DOM,167.12,44.99,1.45,5.38,3.7,Πορτογαλία,True,True,False,False,Υπόλοιπες,Εντός της χώρας,2023-01-01
PT,DOM,180.59,49.43,1.37,5.0,3.7,Πορτογαλία,True,True,False,False,Υπόλοιπες,Εντός της χώρας,2024-01-01
RO,DOM,86.85,23.06,0.78,2.94,3.8,Ρουμανία,True,False,False,False,Υπόλοιπες,Εντός της χώρας,2012-01-01
RO,DOM,88.5,24.24,0.81,2.96,3.7,Ρουμανία,True,False,False,False,Υπόλοιπες,Εντός της χώρας,2013-01-01
RO,DOM,89.77,24.98,0.8,2.86,3.6,Ρουμανία,True,False,False,False,Υπόλοιπες,Εντός της χώρας,2014-01-01
RO,DOM,98.69,28.45,0.76,2.64,3.5,Ρουμανία,True,False,False,False,Υπόλοιπες,Εντός της χώρας,2015-01-01
RO,DOM,106.7,31.12,0.8,2.73,3.4,Ρουμανία,True,False,False,False,Υπόλοιπες,Εντός της χώρας,2016-01-01
RO,DOM,112.28,32.78,0.83,2.83,3.4,Ρουμανία,True,False,False,False,Υπόλοιπες,Εντός της χώρας,2017-01-01
RO,DOM,124.2,36.26,0.85,2.92,3.4,Ρουμανία,True,False,False,False,Υπόλοιπες,Εντός της χώρας,2018-01-01
RO,DOM,145.56,41.71,0.89,3.1,3.5,Ρουμανία,True,False,False,False,Υπόλοιπες,Εντός της χώρας,2019-01-01
RO,DOM,139.71,40.04,0.57,1.99,3.5,Ρουμανία,True,False,False,False,Υπόλοιπες,Εντός της χώρας,2020-01-01
RO,DOM,155.6,44.92,0.84,2.91,3.5,Ρουμανία,True,False,False,False,Υπόλοιπες,Εντός της χώρας,2021-01-01
RO,DOM,203.37,60.85,0.86,2.88,3.3,Ρουμανία,True,False,False,False,Υπόλοιπες,Εντός της χώρας,2022-01-01
RO,DOM,200.94,61.02,1.0,3.3,3.3,Ρουμανία,True,False,False,False,Υπόλοιπες,Εντός της χώρας,2023-01-01
RO,DOM,231.93,66.85,0.99,3.42,3.5,Ρουμανία,True,False,False,False,Υπόλοιπες,Εντός της χώρας,2024-01-01
SE,DOM,113.62,33.81,2.46,8.28,3.4,Σουηδία,True,False,False,False,Υπόλοιπες,Εντός της χώρας,2014-01-01
SE,DOM,127.56,36.3,2.77,9.73,3.5,Σουηδία,True,False,False,False,Υπόλοιπες,Εντός της χώρας,2015-01-01
SE,DOM,130.38,37.06,2.7,9.5,3.5,Σουηδία,True,False,False,False,Υπόλοιπες,Εντός της χώρας,2016-01-01
SE,DOM,374.58,99.58,3.05,11.46,3.8,Σουηδία,True,False,False,False,Υπόλοιπες,Εντός της χώρας,2017-01-01
SE,DOM,264.77,74.55,2.89,10.28,3.6,Σουηδία,True,False,False,False,Υπόλοιπες,Εντός της χώρας,2018-01-01
SE,DOM,290.71,81.69,2.95,10.51,3.6,Σουηδία,True,False,False,False,Υπόλοιπες,Εντός της χώρας,2019-01-01
SE,DOM,177.09,54.61,4.27,13.84,3.2,Σουηδία,True,False,False,False,Υπόλοιπες,Εντός της χώρας,2020-01-01
SE,DOM,218.82,64.91,4.41,14.87,3.4,Σουηδία,True,False,False,False,Υπόλοιπες,Εντός της χώρας,2021-01-01
SE,DOM,261.07,78.51,4.99,16.6,3.3,Σουηδία,True,False,False,False,Υπόλοιπες,Εντός της χώρας,2022-01-01
SE,DOM,402.07,126.46,5.0,15.91,3.2,Σουηδία,True,False,False,False,Υπόλοιπες,Εντός της χώρας,2024-01-01
SI,DOM,90.01,33.17,0.96,2.6,2.7,Σλοβενία,True,False,False,False,Υπόλοιπες,Εντός της χώρας,2012-01-01
SI,DOM,91.62,34.25,0.93,2.5,2.7,Σλοβενία,True,False,False,False,Υπόλοιπες,Εντός της χώρας,2013-01-01
SI,DOM,95.48,36.33,0.87,2.29,2.6,Σλοβενία,True,False,False,False,Υπόλοιπες,Εντός της χώρας,2014-01-01
SI,DOM,104.18,35.15,0.7,2.09,3.0,Σλοβενία,True,False,False,False,Υπόλοιπες,Εντός της χώρας,2015-01-01
SI,DOM,106.24,35.58,0.78,2.34,3.0,Σλοβενία,True,False,False,False,Υπόλοιπες,Εντός της χώρας,2016-01-01
SI,DOM,104.28,38.17,0.83,2.27,2.7,Σλοβενία,True,False,False,False,Υπόλοιπες,Εντός της χώρας,2017-01-01
SI,DOM,109.17,39.94,0.91,2.48,2.7,Σλοβενία,True,False,False,False,Υπόλοιπες,Εντός της χώρας,2018-01-01
SI,DOM,117.01,41.62,0.76,2.14,2.8,Σλοβενία,True,False,False,False,Υπόλοιπες,Εντός της χώρας,2019-01-01
SI,DOM,141.11,43.3,0.57,1.87,3.3,Σλοβενία,True,False,False,False,Υπόλοιπες,Εντός της χώρας,2020-01-01
SI,DOM,173.45,61.61,1.45,4.07,2.8,Σλοβενία,True,False,False,False,Υπόλοιπες,Εντός της χώρας,2021-01-01
SI,DOM,167.48,62.06,1.22,3.28,2.7,Σλοβενία,True,False,False,False,Υπόλοιπες,Εντός της χώρας,2022-01-01
SI,DOM,161.56,65.23,1.53,3.8,2.5,Σλοβενία,True,False,False,False,Υπόλοιπες,Εντός της χώρας,2023-01-01
SI,DOM,160.82,67.05,1.47,3.52,2.4,Σλοβενία,True,False,False,False,Υπόλοιπες,Εντός της χώρας,2024-01-01
SK,DOM,198.08,43.26,0.66,3.03,4.6,Σλοβακία,True,False,False,False,Υπόλοιπες,Εντός της χώρας,2012-01-01
SK,DOM,122.54,33.46,0.71,2.6,3.7,Σλοβακία,True,False,False,False,Υπόλοιπες,Εντός της χώρας,2013-01-01
SK,DOM,141.58,37.94,0.75,2.82,3.7,Σλοβακία,True,False,False,False,Υπόλοιπες,Εντός της χώρας,2014-01-01
SK,DOM,131.7,34.07,0.87,3.38,3.9,Σλοβακία,True,False,False,False,Υπόλοιπες,Εντός της χώρας,2015-01-01
SK,DOM,127.35,34.91,1.07,3.91,3.6,Σλοβακία,True,False,False,False,Υπόλοιπες,Εντός της χώρας,2016-01-01
SK,DOM,141.92,41.11,1.14,3.92,3.5,Σλοβακία,True,False,False,False,Υπόλοιπες,Εντός της χώρας,2017-01-01
SK,DOM,131.43,37.01,1.27,4.49,3.6,Σλοβακία,True,False,False,False,Υπόλοιπες,Εντός της χώρας,2018-01-01
SK,DOM,151.36,40.55,1.4,5.24,3.7,Σλοβακία,True,False,False,False,Υπόλοιπες,Εντός της χώρας,2019-01-01
SK,DOM,148.19,39.02,0.76,2.9,3.8,Σλοβακία,True,False,False,False,Υπόλοιπες,Εντός της χώρας,2020-01-01
SK,DOM,148.85,42.45,0.83,2.92,3.5,Σλοβακία,True,False,False,False,Υπόλοιπες,Εντός της χώρας,2021-01-01
SK,DOM,169.7,50.57,1.24,4.17,3.4,Σλοβακία,True,False,False,False,Υπόλοιπες,Εντός της χώρας,2022-01-01
SK,DOM,200.74,56.76,1.3,4.6,3.5,Σλοβακία,True,False,False,False,Υπόλοιπες,Εντός της χώρας,2023-01-01
SK,DOM,219.54,64.42,1.27,4.32,3.4,Σλοβακία,True,False,False,False,Υπόλοιπες,Εντός της χώρας,2024-01-01
AT,FOR,795.31,120.07,1.07,7.06,6.6,Αυστρία,True,False,False,False,Υπόλοιπες,Εξωτερικό,2012-01-01
AT,FOR,892.12,132.08,1.01,6.82,6.8,Αυστρία,True,False,False,False,Υπόλοιπες,Εξωτερικό,2013-01-01
AT,FOR,880.13,127.14,1.03,7.1,6.9,Αυστρία,True,False,False,False,Υπόλοιπες,Εξωτερικό,2014-01-01
AT,FOR,869.48,126.02,1.01,6.95,6.9,Αυστρία,True,False,False,False,Υπόλοιπες,Εξωτερικό,2015-01-01
AT,FOR,854.43,127.72,1.1,7.37,6.7,Αυστρία,True,False,False,False,Υπόλοιπες,Εξωτερικό,2016-01-01
AT,FOR,903.78,131.29,1.11,7.63,6.9,Αυστρία,True,False,False,False,Υπόλοιπες,Εξωτερικό,2017-01-01
AT,FOR,923.32,143.73,1.09,7.02,6.4,Αυστρία,True,False,False,False,Υπόλοιπες,Εξωτερικό,2018-01-01
AT,FOR,957.59,144.29,1.13,7.53,6.6,Αυστρία,True,False,False,False,Υπόλοιπες,Εξωτερικό,2019-01-01
AT,FOR,774.89,120.76,0.37,2.36,6.4,Αυστρία,True,False,False,False,Υπόλοιπες,Εξωτερικό,2020-01-01
AT,FOR,885.4,130.66,0.73,4.97,6.8,Αυστρία,True,False,False,False,Υπόλοιπες,Εξωτερικό,2021-01-01
AT,FOR,998.57,150.92,1.36,9.02,6.6,Αυστρία,True,False,False,False,Υπόλοιπες,Εξωτερικό,2022-01-01
AT,FOR,1082.36,161.62,1.57,10.49,6.7,Αυστρία,True,False,False,False,Υπόλοιπες,Εξωτερικό,2023-01-01
AT,FOR,1235.15,181.34,1.58,10.76,6.8,Αυστρία,True,False,False,False,Υπόλοιπες,Εξωτερικό,2024-01-01
BE,FOR,658.32,83.05,0.69,5.48,7.9,Βέλγιο,True,False,False,False,Υπόλοιπες,Εξωτερικό,2012-01-01
BE,FOR,777.91,93.41,0.86,7.18,8.3,Βέλγιο,True,False,False,False,Υπόλοιπες,Εξωτερικό,2013-01-01
BE,FOR,693.73,83.41,0.88,7.32,8.3,Βέλγιο,True,False,False,False,Υπόλοιπες,Εξωτερικό,2014-01-01
BE,FOR,683.82,81.6,0.86,7.24,8.4,Βέλγιο,True,False,False,False,Υπόλοιπες,Εξωτερικό,2015-01-01
BE,FOR,677.43,86.71,1.04,8.13,7.8,Βέλγιο,True,False,False,False,Υπόλοιπες,Εξωτερικό,2016-01-01
BE,FOR,632.36,82.99,0.97,7.37,7.6,Βέλγιο,True,False,False,False,Υπόλοιπες,Εξωτερικό,2017-01-01
BE,FOR,650.9,79.33,1.04,8.56,8.2,Βέλγιο,True,False,False,False,Υπόλοιπες,Εξωτερικό,2018-01-01
BE,FOR,684.36,86.76,1.13,8.89,7.9,Βέλγιο,True,False,False,False,Υπόλοιπες,Εξωτερικό,2019-01-01
BE,FOR,546.36,60.1,0.47,4.27,9.1,Βέλγιο,True,False,False,False,Υπόλοιπες,Εξωτερικό,2020-01-01
BE,FOR,641.21,63.58,0.59,5.92,10.1,Βέλγιο,True,False,False,False,Υπόλοιπες,Εξωτερικό,2021-01-01
BE,FOR,724.84,88.1,1.07,8.79,8.2,Βέλγιο,True,False,False,False,Υπόλοιπες,Εξωτερικό,2022-01-01
BE,FOR,786.26,92.1,1.13,9.67,8.5,Βέλγιο,True,False,False,False,Υπόλοιπες,Εξωτερικό,2023-01-01
BE,FOR,933.15,100.89,1.19,10.98,9.2,Βέλγιο,True,False,False,False,Υπόλοιπες,Εξωτερικό,2024-01-01
BG,FOR,341.03,41.0,0.06,0.48,8.3,Βουλγαρία,True,False,False,False,Υπόλοιπες,Εξωτερικό,2012-01-01
BG,FOR,314.48,40.97,0.07,0.52,7.7,Βουλγαρία,True,False,False,False,Υπόλοιπες,Εξωτερικό,2013-01-01
BG,FOR,311.59,45.1,0.08,0.55,6.9,Βουλγαρία,True,False,False,False,Υπόλοιπες,Εξωτερικό,2014-01-01
BG,FOR,358.53,49.98,0.07,0.5,7.2,Βουλγαρία,True,False,False,False,Υπόλοιπες,Εξωτερικό,2015-01-01
BG,FOR,362.3,53.88,0.08,0.53,6.7,Βουλγαρία,True,False,False,False,Υπόλοιπες,Εξωτερικό,2016-01-01
BG,FOR,377.33,55.97,0.1,0.69,6.7,Βουλγαρία,True,False,False,False,Υπόλοιπες,Εξωτερικό,2017-01-01
BG,FOR,338.05,49.11,0.13,0.9,6.9,Βουλγαρία,True,False,False,False,Υπόλοιπες,Εξωτερικό,2018-01-01
BG,FOR,367.19,58.12,0.16,0.99,6.3,Βουλγαρία,True,False,False,False,Υπόλοιπες,Εξωτερικό,2019-01-01
BG,FOR,438.28,51.59,0.03,0.23,8.5,Βουλγαρία,True,False,False,False,Υπόλοιπες,Εξωτερικό,2020-01-01
BG,FOR,432.35,59.5,0.02,0.17,7.3,Βουλγαρία,True,False,False,False,Υπόλοιπες,Εξωτερικό,2021-01-01
BG,FOR,553.74,88.62,0.13,0.78,6.2,Βουλγαρία,True,False,False,False,Υπόλοιπες,Εξωτερικό,2022-01-01
BG,FOR,530.09,90.99,0.16,0.95,5.8,Βουλγαρία,True,False,False,False,Υπόλοιπες,Εξωτερικό,2023-01-01
BG,FOR,593.3,112.06,0.2,1.08,5.3,Βουλγαρία,True,False,False,False,Υπόλοιπες,Εξωτερικό,2024-01-01
CY,FOR,610.03,50.63,1.1,13.21,12.0,Κύπρος,True,True,False,False,Υπόλοιπες,Εξωτερικό,2012-01-01
CY,FOR,906.47,73.39,1.06,13.04,12.4,Κύπρος,True,True,False,False,Υπόλοιπες,Εξωτερικό,2013-01-01
CY,FOR,907.01,70.17,1.16,15.0,12.9,Κύπρος,True,True,False,False,Υπόλοιπες,Εξωτερικό,2014-01-01
CY,FOR,914.29,73.48,1.06,13.22,12.4,Κύπρος,True,True,False,False,Υπόλοιπες,Εξωτερικό,2015-01-01
CY,FOR,978.58,82.89,1.18,13.9,11.8,Κύπρος,True,True,False,False,Υπόλοιπες,Εξωτερικό,2016-01-01
CY,FOR,1041.23,92.7,1.29,14.53,11.2,Κύπρος,True,True,False,False,Υπόλοιπες,Εξωτερικό,2017-01-01
CY,FOR,1004.74,109.78,1.34,12.3,9.2,Κύπρος,True,True,False,False,Υπόλοιπες,Εξωτερικό,2018-01-01
CY,FOR,1038.04,108.46,1.41,13.47,9.6,Κύπρος,True,True,False,False,Υπόλοιπες,Εξωτερικό,2019-01-01
CY,FOR,1048.95,73.94,0.42,6.02,14.2,Κύπρος,True,True,False,False,Υπόλοιπες,Εξωτερικό,2020-01-01
CY,FOR,989.13,84.02,0.42,4.97,11.8,Κύπρος,True,True,False,False,Υπόλοιπες,Εξωτερικό,2021-01-01
CY,FOR,1030.22,128.83,1.14,9.08,8.0,Κύπρος,True,True,False,False,Υπόλοιπες,Εξωτερικό,2022-01-01
CY,FOR,1099.62,143.04,1.5,11.52,7.7,Κύπρος,True,True,False,False,Υπόλοιπες,Εξωτερικό,2023-01-01
CY,FOR,1157.75,142.64,1.55,12.57,8.1,Κύπρος,True,True,False,False,Υπόλοιπες,Εξωτερικό,2024-01-01
CZ,FOR,403.46,56.64,0.52,3.67,7.1,Τσεχία,True,False,False,False,Υπόλοιπες,Εξωτερικό,2012-01-01
CZ,FOR,420.61,59.12,0.5,3.59,7.1,Τσεχία,True,False,False,False,Υπόλοιπες,Εξωτερικό,2013-01-01
CZ,FOR,387.2,56.15,0.5,3.44,6.9,Τσεχία,True,False,False,False,Υπόλοιπες,Εξωτερικό,2014-01-01
CZ,FOR,387.14,59.96,0.52,3.33,6.5,Τσεχία,True,False,False,False,Υπόλοιπες,Εξωτερικό,2015-01-01
CZ,FOR,425.85,61.94,0.53,3.61,6.9,Τσεχία,True,False,False,False,Υπόλοιπες,Εξωτερικό,2016-01-01
CZ,FOR,425.63,61.19,0.59,4.11,7.0,Τσεχία,True,False,False,False,Υπόλοιπες,Εξωτερικό,2017-01-01
CZ,FOR,455.27,69.15,0.64,4.24,6.6,Τσεχία,True,False,False,False,Υπόλοιπες,Εξωτερικό,2018-01-01
CZ,FOR,450.52,68.69,0.63,4.16,6.6,Τσεχία,True,False,False,False,Υπόλοιπες,Εξωτερικό,2019-01-01
CZ,FOR,382.68,59.98,0.21,1.33,6.4,Τσεχία,True,False,False,False,Υπόλοιπες,Εξωτερικό,2020-01-01
CZ,FOR,502.66,67.25,0.29,2.2,7.5,Τσεχία,True,False,False,False,Υπόλοιπες,Εξωτερικό,2021-01-01
CZ,FOR,527.44,79.25,0.62,4.1,6.7,Τσεχία,True,False,False,False,Υπόλοιπες,Εξωτερικό,2022-01-01
CZ,FOR,588.63,92.31,0.68,4.35,6.4,Τσεχία,True,False,False,False,Υπόλοιπες,Εξωτερικό,2023-01-01
CZ,FOR,633.83,96.16,0.66,4.35,6.6,Τσεχία,True,False,False,False,Υπόλοιπες,Εξωτερικό,2024-01-01
DE,FOR,786.12,87.65,0.87,7.77,9.0,Γερμανία,True,False,False,False,Υπόλοιπες,Εξωτερικό,2012-01-01
DE,FOR,798.52,88.75,0.95,8.52,9.0,Γερμανία,True,False,False,False,Υπόλοιπες,Εξωτερικό,2013-01-01
DE,FOR,787.74,85.79,0.91,8.33,9.2,Γερμανία,True,False,False,False,Υπόλοιπες,Εξωτερικό,2014-01-01
DE,FOR,781.25,88.41,0.91,8.07,8.8,Γερμανία,True,False,False,False,Υπόλοιπες,Εξωτερικό,2015-01-01
DE,FOR,780.61,88.74,0.98,8.62,8.8,Γερμανία,True,False,False,False,Υπόλοιπες,Εξωτερικό,2016-01-01
DE,FOR,888.56,97.36,0.97,8.9,9.1,Γερμανία,True,False,False,False,Υπόλοιπες,Εξωτερικό,2017-01-01
DE,FOR,1009.9,115.08,1.17,10.28,8.8,Γερμανία,True,False,False,False,Υπόλοιπες,Εξωτερικό,2018-01-01
DE,FOR,966.56,106.94,1.08,9.78,9.0,Γερμανία,True,False,False,False,Υπόλοιπες,Εξωτερικό,2019-01-01
DE,FOR,764.35,82.97,0.4,3.68,9.2,Γερμανία,True,False,False,False,Υπόλοιπες,Εξωτερικό,2020-01-01
DE,FOR,932.3,101.6,0.55,5.0,9.2,Γερμανία,True,False,False,False,Υπόλοιπες,Εξωτερικό,2021-01-01
DE,FOR,1140.63,122.36,0.96,8.96,9.3,Γερμανία,True,False,False,False,Υπόλοιπες,Εξωτερικό,2022-01-01
DE,FOR,1154.07,129.53,1.12,10.01,8.9,Γερμανία,True,False,False,False,Υπόλοιπες,Εξωτερικό,2023-01-01
DE,FOR,1191.25,134.68,1.25,11.1,8.8,Γερμανία,True,False,False,False,Υπόλοιπες,Εξωτερικό,2024-01-01
DK,FOR,629.14,80.56,1.07,8.39,7.8,Δανία,True,False,False,False,Υπόλοιπες,Εξωτερικό,2012-01-01
DK,FOR,594.86,88.07,1.26,8.5,6.8,Δανία,True,False,False,False,Υπόλοιπες,Εξωτερικό,2013-01-01
DK,FOR,669.81,99.13,1.29,8.75,6.8,Δανία,True,False,False,False,Υπόλοιπες,Εξωτερικό,2014-01-01
DK,FOR,636.51,95.98,1.28,8.51,6.6,Δανία,True,False,False,False,Υπόλοιπες,Εξωτερικό,2015-01-01
DK,FOR,905.4,132.07,1.2,8.22,6.9,Δανία,True,False,False,False,Υπόλοιπες,Εξωτερικό,2016-01-01
DK,FOR,1307.84,184.63,1.14,8.08,7.1,Δανία,True,False,False,False,Υπόλοιπες,Εξωτερικό,2017-01-01
DK,FOR,1512.69,195.44,0.95,7.33,7.7,Δανία,True,False,False,False,Υπόλοιπες,Εξωτερικό,2018-01-01
DK,FOR,985.96,133.21,1.59,11.77,7.4,Δανία,True,False,False,False,Υπόλοιπες,Εξωτερικό,2019-01-01
DK,FOR,964.55,106.92,0.55,4.96,9.0,Δανία,True,False,False,False,Υπόλοιπες,Εξωτερικό,2020-01-01
DK,FOR,845.0,112.22,0.48,3.59,7.5,Δανία,True,False,False,False,Υπόλοιπες,Εξωτερικό,2021-01-01
DK,FOR,906.15,118.45,0.9,6.89,7.6,Δανία,True,False,False,False,Υπόλοιπες,Εξωτερικό,2022-01-01
DK,FOR,1038.32,138.44,0.97,7.27,7.5,Δανία,True,False,False,False,Υπόλοιπες,Εξωτερικό,2023-01-01
DK,FOR,707.3,100.81,1.73,12.11,7.0,Δανία,True,False,False,False,Υπόλοιπες,Εξωτερικό,2024-01-01
EE,FOR,357.35,54.64,0.69,4.5,6.5,Εσθονία,True,False,False,False,Υπόλοιπες,Εξωτερικό,2012-01-01
EE,FOR,458.96,66.6,0.68,4.67,6.9,Εσθονία,True,False,False,False,Υπόλοιπες,Εξωτερικό,2013-01-01
EE,FOR,432.67,65.68,0.78,5.16,6.6,Εσθονία,True,False,False,False,Υπόλοιπες,Εξωτερικό,2014-01-01
EE,FOR,535.53,70.13,0.69,5.29,7.6,Εσθονία,True,False,False,False,Υπόλοιπες,Εξωτερικό,2015-01-01
EE,FOR,514.23,76.78,0.7,4.67,6.7,Εσθονία,True,False,False,False,Υπόλοιπες,Εξωτερικό,2016-01-01
EE,FOR,593.19,88.26,0.73,4.9,6.7,Εσθονία,True,False,False,False,Υπόλοιπες,Εξωτερικό,2017-01-01
EE,FOR,740.76,111.79,1.18,7.85,6.6,Εσθονία,True,False,False,False,Υπόλοιπες,Εξωτερικό,2018-01-01
EE,FOR,822.89,127.2,0.98,6.34,6.5,Εσθονία,True,False,False,False,Υπόλοιπες,Εξωτερικό,2019-01-01
EE,FOR,915.61,129.17,0.32,2.24,7.1,Εσθονία,True,False,False,False,Υπόλοιπες,Εξωτερικό,2020-01-01
EE,FOR,839.92,109.57,0.33,2.53,7.7,Εσθονία,True,False,False,False,Υπόλοιπες,Εξωτερικό,2021-01-01
EE,FOR,1008.52,155.07,0.71,4.59,6.5,Εσθονία,True,False,False,False,Υπόλοιπες,Εξωτερικό,2022-01-01
EE,FOR,1035.94,160.96,0.9,5.76,6.4,Εσθονία,True,False,False,False,Υπόλοιπες,Εξωτερικό,2023-01-01
EE,FOR,1091.23,153.87,0.9,6.36,7.1,Εσθονία,True,False,False,False,Υπόλοιπες,Εξωτερικό,2024-01-01
EL,FOR,419.14,43.12,0.05,0.46,9.7,Ελλάδα,True,True,True,False,Ελλάδα,Εξωτερικό,2012-01-01
EL,FOR,575.35,41.39,0.05,0.7,13.9,Ελλάδα,True,True,True,False,Ελλάδα,Εξωτερικό,2013-01-01
EL,FOR,517.46,46.43,0.06,0.65,11.1,Ελλάδα,True,True,True,False,Ελλάδα,Εξωτερικό,2014-01-01
EL,FOR,501.83,48.56,0.06,0.59,10.3,Ελλάδα,True,True,True,False,Ελλάδα,Εξωτερικό,2015-01-01
EL,FOR,593.9,54.08,0.06,0.62,11.0,Ελλάδα,True,True,True,False,Ελλάδα,Εξωτερικό,2016-01-01
EL,FOR,580.06,62.2,0.06,0.54,9.3,Ελλάδα,True,True,True,False,Ελλάδα,Εξωτερικό,2017-01-01
EL,FOR,567.32,64.99,0.07,0.65,8.7,Ελλάδα,True,True,True,False,Ελλάδα,Εξωτερικό,2018-01-01
EL,FOR,610.62,67.13,0.08,0.72,9.1,Ελλάδα,True,True,True,False,Ελλάδα,Εξωτερικό,2019-01-01
EL,FOR,611.89,50.32,0.03,0.31,12.2,Ελλάδα,True,True,True,False,Ελλάδα,Εξωτερικό,2020-01-01
EL,FOR,595.78,54.86,0.03,0.36,10.9,Ελλάδα,True,True,True,False,Ελλάδα,Εξωτερικό,2021-01-01
EL,FOR,798.26,80.86,0.08,0.81,9.9,Ελλάδα,True,True,True,False,Ελλάδα,Εξωτερικό,2022-01-01
EL,FOR,824.35,89.38,0.09,0.82,9.2,Ελλάδα,True,True,True,False,Ελλάδα,Εξωτερικό,2023-01-01
EL,FOR,841.11,107.5,0.1,0.75,7.8,Ελλάδα,True,True,True,False,Ελλάδα,Εξωτερικό,2024-01-01
ES,FOR,664.9,71.75,0.2,1.82,9.3,Ισπανία,True,True,False,False,Υπόλοιπες,Εξωτερικό,2012-01-01
ES,FOR,751.56,78.01,0.18,1.7,9.6,Ισπανία,True,True,False,False,Υπόλοιπες,Εξωτερικό,2013-01-01
ES,FOR,735.9,79.53,0.19,1.73,9.3,Ισπανία,True,True,False,False,Υπόλοιπες,Εξωτερικό,2014-01-01
ES,FOR,823.59,91.94,0.24,2.14,9.0,Ισπανία,True,True,False,False,Υπόλοιπες,Εξωτερικό,2015-01-01
ES,FOR,857.49,96.48,0.25,2.24,8.9,Ισπανία,True,True,False,False,Υπόλοιπες,Εξωτερικό,2016-01-01
ES,FOR,848.09,104.79,0.27,2.22,8.1,Ισπανία,True,True,False,False,Υπόλοιπες,Εξωτερικό,2017-01-01
ES,FOR,850.23,108.63,0.31,2.42,7.8,Ισπανία,True,True,False,False,Υπόλοιπες,Εξωτερικό,2018-01-01
ES,FOR,815.58,113.12,0.32,2.33,7.2,Ισπανία,True,True,False,False,Υπόλοιπες,Εξωτερικό,2019-01-01
ES,FOR,681.51,82.0,0.08,0.69,8.3,Ισπανία,True,True,False,False,Υπόλοιπες,Εξωτερικό,2020-01-01
ES,FOR,750.88,79.02,0.11,1.09,9.5,Ισπανία,True,True,False,False,Υπόλοιπες,Εξωτερικό,2021-01-01
ES,FOR,937.94,108.49,0.26,2.24,8.6,Ισπανία,True,True,False,False,Υπόλοιπες,Εξωτερικό,2022-01-01
ES,FOR,1011.4,121.19,0.29,2.45,8.3,Ισπανία,True,True,False,False,Υπόλοιπες,Εξωτερικό,2023-01-01
ES,FOR,1035.09,125.84,0.34,2.76,8.2,Ισπανία,True,True,False,False,Υπόλοιπες,Εξωτερικό,2024-01-01
EU27_2020,FOR,727.98,85.85,0.46,3.91,8.5,Ευρωπαϊκή Ένωση (27),False,False,False,True,ΕΕ27,Εξωτερικό,2012-01-01
EU27_2020,FOR,745.43,87.13,0.48,4.1,8.6,Ευρωπαϊκή Ένωση (27),False,False,False,True,ΕΕ27,Εξωτερικό,2013-01-01
EU27_2020,FOR,723.56,84.31,0.48,4.14,8.6,Ευρωπαϊκή Ένωση (27),False,False,False,True,ΕΕ27,Εξωτερικό,2014-01-01
EU27_2020,FOR,719.48,86.1,0.48,4.04,8.4,Ευρωπαϊκή Ένωση (27),False,False,False,True,ΕΕ27,Εξωτερικό,2015-01-01
EU27_2020,FOR,731.48,88.26,0.51,4.21,8.3,Ευρωπαϊκή Ένωση (27),False,False,False,True,ΕΕ27,Εξωτερικό,2016-01-01
EU27_2020,FOR,857.49,102.75,0.55,4.62,8.3,Ευρωπαϊκή Ένωση (27),False,False,False,True,ΕΕ27,Εξωτερικό,2017-01-01
EU27_2020,FOR,896.75,109.99,0.61,4.96,8.2,Ευρωπαϊκή Ένωση (27),False,False,False,True,ΕΕ27,Εξωτερικό,2018-01-01
EU27_2020,FOR,859.51,104.97,0.61,5.02,8.2,Ευρωπαϊκή Ένωση (27),False,False,False,True,ΕΕ27,Εξωτερικό,2019-01-01
EU27_2020,FOR,721.92,82.74,0.21,1.79,8.7,Ευρωπαϊκή Ένωση (27),False,False,False,True,ΕΕ27,Εξωτερικό,2020-01-01
EU27_2020,FOR,816.92,91.78,0.27,2.43,8.9,Ευρωπαϊκή Ένωση (27),False,False,False,True,ΕΕ27,Εξωτερικό,2021-01-01
EU27_2020,FOR,946.44,112.16,0.54,4.58,8.4,Ευρωπαϊκή Ένωση (27),False,False,False,True,ΕΕ27,Εξωτερικό,2022-01-01
EU27_2020,FOR,994.97,122.4,0.62,5.08,8.1,Ευρωπαϊκή Ένωση (27),False,False,False,True,ΕΕ27,Εξωτερικό,2023-01-01
EU27_2020,FOR,1036.38,127.79,0.69,5.56,8.1,Ευρωπαϊκή Ένωση (27),False,False,False,True,ΕΕ27,Εξωτερικό,2024-01-01
FI,FOR,824.25,133.12,1.32,8.15,6.2,Φινλανδία,True,False,False,False,Υπόλοιπες,Εξωτερικό,2012-01-01
FI,FOR,819.92,133.61,1.29,7.92,6.1,Φινλανδία,True,False,False,False,Υπόλοιπες,Εξωτερικό,2013-01-01
FI,FOR,833.37,139.53,1.29,7.72,6.0,Φινλανδία,True,False,False,False,Υπόλοιπες,Εξωτερικό,2014-01-01
FI,FOR,804.07,137.65,1.32,7.74,5.8,Φινλανδία,True,False,False,False,Υπόλοιπες,Εξωτερικό,2015-01-01
FI,FOR,806.16,138.58,1.32,7.7,5.8,Φινλανδία,True,False,False,False,Υπόλοιπες,Εξωτερικό,2016-01-01
FI,FOR,820.13,131.94,1.38,8.59,6.2,Φινλανδία,True,False,False,False,Υπόλοιπες,Εξωτερικό,2017-01-01
FI,FOR,859.7,134.51,1.34,8.59,6.4,Φινλανδία,True,False,False,False,Υπόλοιπες,Εξωτερικό,2018-01-01
FI,FOR,838.57,114.18,1.33,9.78,7.3,Φινλανδία,True,False,False,False,Υπόλοιπες,Εξωτερικό,2019-01-01
FI,FOR,967.17,77.16,0.35,4.44,12.5,Φινλανδία,True,False,False,False,Υπόλοιπες,Εξωτερικό,2020-01-01
FI,FOR,824.99,79.56,0.27,2.83,10.4,Φινλανδία,True,False,False,False,Υπόλοιπες,Εξωτερικό,2021-01-01
FI,FOR,977.55,116.92,0.94,7.83,8.4,Φινλανδία,True,False,False,False,Υπόλοιπες,Εξωτερικό,2022-01-01
FI,FOR,1049.88,126.3,1.09,9.1,8.3,Φινλανδία,True,False,False,False,Υπόλοιπες,Εξωτερικό,2023-01-01
FI,FOR,1099.35,127.85,1.1,9.44,8.6,Φινλανδία,True,False,False,False,Υπόλοιπες,Εξωτερικό,2024-01-01
FR,FOR,963.46,106.62,0.33,2.99,9.0,Γαλλία,True,False,False,False,Υπόλοιπες,Εξωτερικό,2012-01-01
FR,FOR,981.98,106.71,0.34,3.12,9.2,Γαλλία,True,False,False,False,Υπόλοιπες,Εξωτερικό,2013-01-01
FR,FOR,982.71,107.64,0.36,3.33,9.1,Γαλλία,True,False,False,False,Υπόλοιπες,Εξωτερικό,2014-01-01
FR,FOR,954.0,107.3,0.32,2.83,8.9,Γαλλία,True,False,False,False,Υπόλοιπες,Εξωτερικό,2015-01-01
FR,FOR,1011.54,112.68,0.31,2.82,9.0,Γαλλία,True,False,False,False,Υπόλοιπες,Εξωτερικό,2016-01-01
FR,FOR,1020.5,122.62,0.37,3.04,8.3,Γαλλία,True,False,False,False,Υπόλοιπες,Εξωτερικό,2017-01-01
FR,FOR,1004.69,123.9,0.39,3.17,8.1,Γαλλία,True,False,False,False,Υπόλοιπες,Εξωτερικό,2018-01-01
FR,FOR,1024.91,123.62,0.38,3.19,8.3,Γαλλία,True,False,False,False,Υπόλοιπες,Εξωτερικό,2019-01-01
FR,FOR,873.37,114.26,0.14,1.04,7.6,Γαλλία,True,False,False,False,Υπόλοιπες,Εξωτερικό,2020-01-01
FR,FOR,926.97,115.56,0.16,1.3,8.0,Γαλλία,True,False,False,False,Υπόλοιπες,Εξωτερικό,2021-01-01
FR,FOR,1024.2,137.73,0.34,2.54,7.4,Γαλλία,True,False,False,False,Υπόλοιπες,Εξωτερικό,2022-01-01
FR,FOR,1100.16,148.99,0.42,3.13,7.4,Γαλλία,True,False,False,False,Υπόλοιπες,Εξωτερικό,2023-01-01
FR,FOR,1108.11,151.86,0.43,3.16,7.3,Γαλλία,True,False,False,False,Υπόλοιπες,Εξωτερικό,2024-01-01
HR,FOR,324.68,53.34,0.51,3.1,6.1,Κροατία,True,False,False,False,Υπόλοιπες,Εξωτερικό,2012-01-01
HR,FOR,359.93,50.37,0.56,3.98,7.1,Κροατία,True,False,False,False,Υπόλοιπες,Εξωτερικό,2013-01-01
HR,FOR,360.37,56.76,0.48,3.06,6.3,Κροατία,True,False,False,False,Υπόλοιπες,Εξωτερικό,2014-01-01
HR,FOR,396.9,53.14,0.5,3.71,7.5,Κροατία,True,False,False,False,Υπόλοιπες,Εξωτερικό,2015-01-01
HR,FOR,361.84,69.74,0.3,1.53,5.2,Κροατία,True,False,False,False,Υπόλοιπες,Εξωτερικό,2016-01-01
HR,FOR,399.11,64.81,0.37,2.29,6.2,Κροατία,True,False,False,False,Υπόλοιπες,Εξωτερικό,2017-01-01
HR,FOR,413.89,74.53,0.39,2.17,5.6,Κροατία,True,False,False,False,Υπόλοιπες,Εξωτερικό,2018-01-01
HR,FOR,365.73,72.42,0.46,2.33,5.1,Κροατία,True,False,False,False,Υπόλοιπες,Εξωτερικό,2019-01-01
HR,FOR,449.25,51.43,0.11,0.96,8.7,Κροατία,True,False,False,False,Υπόλοιπες,Εξωτερικό,2020-01-01
HR,FOR,397.14,43.84,0.14,1.25,9.1,Κροατία,True,False,False,False,Υπόλοιπες,Εξωτερικό,2021-01-01
HR,FOR,420.76,81.44,0.3,1.53,5.2,Κροατία,True,False,False,False,Υπόλοιπες,Εξωτερικό,2022-01-01
HR,FOR,468.99,85.84,0.45,2.45,5.5,Κροατία,True,False,False,False,Υπόλοιπες,Εξωτερικό,2023-01-01
HR,FOR,548.98,104.6,0.49,2.55,5.2,Κροατία,True,False,False,False,Υπόλοιπες,Εξωτερικό,2024-01-01
HU,FOR,286.46,48.73,0.36,2.11,5.9,Ουγγαρία,True,False,False,False,Υπόλοιπες,Εξωτερικό,2012-01-01
HU,FOR,286.04,48.49,0.37,2.21,5.9,Ουγγαρία,True,False,False,False,Υπόλοιπες,Εξωτερικό,2013-01-01
HU,FOR,310.53,54.13,0.44,2.51,5.7,Ουγγαρία,True,False,False,False,Υπόλοιπες,Εξωτερικό,2014-01-01
HU,FOR,283.88,53.61,0.51,2.69,5.3,Ουγγαρία,True,False,False,False,Υπόλοιπες,Εξωτερικό,2015-01-01
HU,FOR,283.28,56.68,0.57,2.87,5.0,Ουγγαρία,True,False,False,False,Υπόλοιπες,Εξωτερικό,2016-01-01
HU,FOR,294.79,61.06,0.62,3.0,4.8,Ουγγαρία,True,False,False,False,Υπόλοιπες,Εξωτερικό,2017-01-01
HU,FOR,272.35,58.48,0.71,3.3,4.7,Ουγγαρία,True,False,False,False,Υπόλοιπες,Εξωτερικό,2018-01-01
HU,FOR,270.12,51.54,0.75,3.93,5.2,Ουγγαρία,True,False,False,False,Υπόλοιπες,Εξωτερικό,2019-01-01
HU,FOR,223.65,47.3,0.24,1.12,4.7,Ουγγαρία,True,False,False,False,Υπόλοιπες,Εξωτερικό,2020-01-01
HU,FOR,267.62,51.0,0.26,1.37,5.2,Ουγγαρία,True,False,False,False,Υπόλοιπες,Εξωτερικό,2021-01-01
HU,FOR,330.93,62.73,0.51,2.69,5.3,Ουγγαρία,True,False,False,False,Υπόλοιπες,Εξωτερικό,2022-01-01
HU,FOR,490.84,87.91,0.58,3.27,5.6,Ουγγαρία,True,False,False,False,Υπόλοιπες,Εξωτερικό,2023-01-01
HU,FOR,474.41,89.25,0.64,3.38,5.3,Ουγγαρία,True,False,False,False,Υπόλοιπες,Εξωτερικό,2024-01-01
IE,FOR,789.36,95.52,1.09,9.0,8.3,Ιρλανδία,True,True,False,False,Υπόλοιπες,Εξωτερικό,2012-01-01
IE,FOR,782.74,95.04,1.07,8.8,8.2,Ιρλανδία,True,True,False,False,Υπόλοιπες,Εξωτερικό,2013-01-01
IE,FOR,816.38,99.07,1.06,8.71,8.2,Ιρλανδία,True,True,False,False,Υπόλοιπες,Εξωτερικό,2014-01-01
IE,FOR,829.44,106.03,1.11,8.65,7.8,Ιρλανδία,True,True,False,False,Υπόλοιπες,Εξωτερικό,2015-01-01
IE,FOR,822.36,106.1,1.17,9.08,7.8,Ιρλανδία,True,True,False,False,Υπόλοιπες,Εξωτερικό,2016-01-01
IE,FOR,816.24,112.49,1.29,9.36,7.3,Ιρλανδία,True,True,False,False,Υπόλοιπες,Εξωτερικό,2017-01-01
IE,FOR,830.73,114.43,1.32,9.62,7.3,Ιρλανδία,True,True,False,False,Υπόλοιπες,Εξωτερικό,2018-01-01
IE,FOR,866.02,118.49,1.43,10.45,7.3,Ιρλανδία,True,True,False,False,Υπόλοιπες,Εξωτερικό,2019-01-01
IE,FOR,772.3,115.78,0.36,2.39,6.7,Ιρλανδία,True,True,False,False,Υπόλοιπες,Εξωτερικό,2020-01-01
IE,FOR,757.33,105.05,0.36,2.6,7.2,Ιρλανδία,True,True,False,False,Υπόλοιπες,Εξωτερικό,2021-01-01
IE,FOR,912.75,132.59,1.34,9.2,6.9,Ιρλανδία,True,True,False,False,Υπόλοιπες,Εξωτερικό,2022-01-01
IE,FOR,952.91,149.76,1.58,10.07,6.4,Ιρλανδία,True,True,False,False,Υπόλοιπες,Εξωτερικό,2023-01-01
IE,FOR,878.07,146.15,1.99,11.93,6.0,Ιρλανδία,True,True,False,False,Υπόλοιπες,Εξωτερικό,2024-01-01
IT,FOR,753.06,97.62,0.2,1.54,7.7,Ιταλία,True,True,False,False,Υπόλοιπες,Εξωτερικό,2012-01-01
IT,FOR,821.68,94.14,0.16,1.44,8.7,Ιταλία,True,True,False,False,Υπόλοιπες,Εξωτερικό,2013-01-01
IT,FOR,626.79,76.21,0.16,1.32,8.2,Ιταλία,True,True,False,False,Υπόλοιπες,Εξωτερικό,2014-01-01
IT,FOR,621.75,67.69,0.14,1.3,9.2,Ιταλία,True,True,False,False,Υπόλοιπες,Εξωτερικό,2015-01-01
IT,FOR,643.28,86.41,0.15,1.09,7.4,Ιταλία,True,True,False,False,Υπόλοιπες,Εξωτερικό,2016-01-01
IT,FOR,709.4,102.17,0.17,1.15,6.9,Ιταλία,True,True,False,False,Υπόλοιπες,Εξωτερικό,2017-01-01
IT,FOR,723.39,93.26,0.2,1.55,7.8,Ιταλία,True,True,False,False,Υπόλοιπες,Εξωτερικό,2018-01-01
IT,FOR,704.11,91.29,0.21,1.65,7.7,Ιταλία,True,True,False,False,Υπόλοιπες,Εξωτερικό,2019-01-01
IT,FOR,626.21,72.55,0.05,0.41,8.6,Ιταλία,True,True,False,False,Υπόλοιπες,Εξωτερικό,2020-01-01
IT,FOR,690.83,69.13,0.06,0.6,10.0,Ιταλία,True,True,False,False,Υπόλοιπες,Εξωτερικό,2021-01-01
IT,FOR,747.05,88.94,0.15,1.22,8.4,Ιταλία,True,True,False,False,Υπόλοιπες,Εξωτερικό,2022-01-01
IT,FOR,880.59,115.01,0.15,1.12,7.7,Ιταλία,True,True,False,False,Υπόλοιπες,Εξωτερικό,2023-01-01
IT,FOR,896.59,120.01,0.15,1.14,7.5,Ιταλία,True,True,False,False,Υπόλοιπες,Εξωτερικό,2024-01-01
LT,FOR,425.1,53.33,0.46,3.7,8.0,Λιθουανία,True,False,False,False,Υπόλοιπες,Εξωτερικό,2012-01-01
LT,FOR,443.16,52.83,0.48,4.04,8.4,Λιθουανία,True,False,False,False,Υπόλοιπες,Εξωτερικό,2013-01-01
LT,FOR,429.6,59.11,0.48,3.52,7.3,Λιθουανία,True,False,False,False,Υπόλοιπες,Εξωτερικό,2014-01-01
LT,FOR,425.77,58.71,0.51,3.67,7.3,Λιθουανία,True,False,False,False,Υπόλοιπες,Εξωτερικό,2015-01-01
LT,FOR,438.5,62.14,0.54,3.78,7.1,Λιθουανία,True,False,False,False,Υπόλοιπες,Εξωτερικό,2016-01-01
LT,FOR,441.23,63.23,0.56,3.89,7.0,Λιθουανία,True,False,False,False,Υπόλοιπες,Εξωτερικό,2017-01-01
LT,FOR,440.15,64.48,0.62,4.26,6.8,Λιθουανία,True,False,False,False,Υπόλοιπες,Εξωτερικό,2018-01-01
LT,FOR,434.71,65.36,0.66,4.36,6.7,Λιθουανία,True,False,False,False,Υπόλοιπες,Εξωτερικό,2019-01-01
LT,FOR,486.33,69.12,0.18,1.27,7.0,Λιθουανία,True,False,False,False,Υπόλοιπες,Εξωτερικό,2020-01-01
LT,FOR,471.48,70.49,0.22,1.47,6.7,Λιθουανία,True,False,False,False,Υπόλοιπες,Εξωτερικό,2021-01-01
LT,FOR,475.69,67.98,0.52,3.66,7.0,Λιθουανία,True,False,False,False,Υπόλοιπες,Εξωτερικό,2022-01-01
LT,FOR,475.43,67.26,0.58,4.07,7.1,Λιθουανία,True,False,False,False,Υπόλοιπες,Εξωτερικό,2023-01-01
LT,FOR,487.41,67.99,0.61,4.34,7.2,Λιθουανία,True,False,False,False,Υπόλοιπες,Εξωτερικό,2024-01-01
LU,FOR,733.55,97.9,2.47,18.51,7.5,Λουξεμβούργο,True,False,False,False,Υπόλοιπες,Εξωτερικό,2012-01-01
LU,FOR,725.87,101.4,2.49,17.81,7.2,Λουξεμβούργο,True,False,False,False,Υπόλοιπες,Εξωτερικό,2013-01-01
LU,FOR,761.36,112.45,2.72,18.44,6.8,Λουξεμβούργο,True,False,False,False,Υπόλοιπες,Εξωτερικό,2014-01-01
LU,FOR,747.6,107.2,2.55,17.77,7.0,Λουξεμβούργο,True,False,False,False,Υπόλοιπες,Εξωτερικό,2015-01-01
LU,FOR,770.58,105.97,2.39,17.41,7.3,Λουξεμβούργο,True,False,False,False,Υπόλοιπες,Εξωτερικό,2016-01-01
LU,FOR,752.21,99.18,3.26,24.71,7.6,Λουξεμβούργο,True,False,False,False,Υπόλοιπες,Εξωτερικό,2017-01-01
LU,FOR,786.83,112.07,3.35,23.49,7.0,Λουξεμβούργο,True,False,False,False,Υπόλοιπες,Εξωτερικό,2018-01-01
LU,FOR,928.14,134.98,3.3,22.66,6.9,Λουξεμβούργο,True,False,False,False,Υπόλοιπες,Εξωτερικό,2019-01-01
LU,FOR,797.89,97.31,1.99,16.29,8.2,Λουξεμβούργο,True,False,False,False,Υπόλοιπες,Εξωτερικό,2020-01-01
LU,FOR,947.67,116.55,2.56,20.79,8.1,Λουξεμβούργο,True,False,False,False,Υπόλοιπες,Εξωτερικό,2021-01-01
LU,FOR,1281.97,165.74,3.84,29.67,7.7,Λουξεμβούργο,True,False,False,False,Υπόλοιπες,Εξωτερικό,2022-01-01
LU,FOR,1225.67,169.86,3.96,28.6,7.2,Λουξεμβούργο,True,False,False,False,Υπόλοιπες,Εξωτερικό,2023-01-01
LU,FOR,1319.23,177.69,3.92,29.11,7.4,Λουξεμβούργο,True,False,False,False,Υπόλοιπες,Εξωτερικό,2024-01-01
LV,FOR,326.23,52.73,0.55,3.4,6.2,Λετονία,True,False,False,False,Υπόλοιπες,Εξωτερικό,2012-01-01
LV,FOR,367.25,55.2,0.48,3.19,6.7,Λετονία,True,False,False,False,Υπόλοιπες,Εξωτερικό,2013-01-01
LV,FOR,340.39,50.89,0.6,4.02,6.7,Λετονία,True,False,False,False,Υπόλοιπες,Εξωτερικό,2014-01-01
LV,FOR,322.6,58.21,0.55,3.05,5.5,Λετονία,True,False,False,False,Υπόλοιπες,Εξωτερικό,2015-01-01
LV,FOR,315.02,50.44,0.54,3.36,6.2,Λετονία,True,False,False,False,Υπόλοιπες,Εξωτερικό,2016-01-01
LV,FOR,384.94,70.12,0.57,3.13,5.5,Λετονία,True,False,False,False,Υπόλοιπες,Εξωτερικό,2017-01-01
LV,FOR,337.16,64.43,0.62,3.24,5.2,Λετονία,True,False,False,False,Υπόλοιπες,Εξωτερικό,2018-01-01
LV,FOR,445.49,76.99,0.66,3.81,5.8,Λετονία,True,False,False,False,Υπόλοιπες,Εξωτερικό,2019-01-01
LV,FOR,399.03,56.21,0.2,1.42,7.1,Λετονία,True,False,False,False,Υπόλοιπες,Εξωτερικό,2020-01-01
LV,FOR,611.14,67.79,0.23,2.06,9.0,Λετονία,True,False,False,False,Υπόλοιπες,Εξωτερικό,2021-01-01
LV,FOR,533.41,91.22,0.62,3.65,5.8,Λετονία,True,False,False,False,Υπόλοιπες,Εξωτερικό,2022-01-01
LV,FOR,575.07,93.62,0.78,4.8,6.1,Λετονία,True,False,False,False,Υπόλοιπες,Εξωτερικό,2023-01-01
LV,FOR,557.12,102.78,0.83,4.5,5.4,Λετονία,True,False,False,False,Υπόλοιπες,Εξωτερικό,2024-01-01
MT,FOR,1023.8,126.15,0.56,4.58,8.1,Μάλτα,True,False,False,False,Υπόλοιπες,Εξωτερικό,2012-01-01
MT,FOR,999.5,124.77,0.64,5.15,8.0,Μάλτα,True,False,False,False,Υπόλοιπες,Εξωτερικό,2013-01-01
MT,FOR,880.14,121.11,0.67,4.86,7.3,Μάλτα,True,False,False,False,Υπόλοιπες,Εξωτερικό,2014-01-01
MT,FOR,875.34,132.59,0.71,4.71,6.6,Μάλτα,True,False,False,False,Υπόλοιπες,Εξωτερικό,2015-01-01
MT,FOR,913.84,128.87,0.73,5.21,7.1,Μάλτα,True,False,False,False,Υπόλοιπες,Εξωτερικό,2016-01-01
MT,FOR,866.36,134.58,0.93,6.0,6.4,Μάλτα,True,False,False,False,Υπόλοιπες,Εξωτερικό,2017-01-01
MT,FOR,888.39,137.95,1.06,6.85,6.4,Μάλτα,True,False,False,False,Υπόλοιπες,Εξωτερικό,2018-01-01
MT,FOR,880.32,147.61,1.11,6.61,6.0,Μάλτα,True,False,False,False,Υπόλοιπες,Εξωτερικό,2019-01-01
MT,FOR,743.65,109.03,0.29,1.99,6.8,Μάλτα,True,False,False,False,Υπόλοιπες,Εξωτερικό,2020-01-01
MT,FOR,900.17,123.34,0.43,3.17,7.3,Μάλτα,True,False,False,False,Υπόλοιπες,Εξωτερικό,2021-01-01
MT,FOR,838.69,139.92,0.96,5.74,6.0,Μάλτα,True,False,False,False,Υπόλοιπες,Εξωτερικό,2022-01-01
MT,FOR,881.92,149.01,1.19,7.04,5.9,Μάλτα,True,False,False,False,Υπόλοιπες,Εξωτερικό,2023-01-01
MT,FOR,957.17,146.98,1.24,8.1,6.5,Μάλτα,True,False,False,False,Υπόλοιπες,Εξωτερικό,2024-01-01
NL,FOR,697.29,69.74,1.0,9.97,10.0,Ολλανδία,True,False,False,False,Υπόλοιπες,Εξωτερικό,2012-01-01
NL,FOR,676.43,67.93,0.97,9.67,10.0,Ολλανδία,True,False,False,False,Υπόλοιπες,Εξωτερικό,2013-01-01
NL,FOR,660.9,66.73,0.96,9.55,9.9,Ολλανδία,True,False,False,False,Υπόλοιπες,Εξωτερικό,2014-01-01
NL,FOR,666.7,66.25,0.95,9.58,10.1,Ολλανδία,True,False,False,False,Υπόλοιπες,Εξωτερικό,2015-01-01
NL,FOR,674.25,67.76,0.99,9.8,10.0,Ολλανδία,True,False,False,False,Υπόλοιπες,Εξωτερικό,2016-01-01
NL,FOR,836.74,83.83,1.07,10.73,10.0,Ολλανδία,True,False,False,False,Υπόλοιπες,Εξωτερικό,2017-01-01
NL,FOR,820.48,82.68,1.09,10.82,9.9,Ολλανδία,True,False,False,False,Υπόλοιπες,Εξωτερικό,2018-01-01
NL,FOR,833.36,85.9,1.13,10.95,9.7,Ολλανδία,True,False,False,False,Υπόλοιπες,Εξωτερικό,2019-01-01
NL,FOR,653.52,67.88,0.38,3.63,9.6,Ολλανδία,True,False,False,False,Υπόλοιπες,Εξωτερικό,2020-01-01
NL,FOR,792.04,77.65,0.62,6.36,10.2,Ολλανδία,True,False,False,False,Υπόλοιπες,Εξωτερικό,2021-01-01
NL,FOR,818.24,82.42,1.21,12.05,9.9,Ολλανδία,True,False,False,False,Υπόλοιπες,Εξωτερικό,2022-01-01
NL,FOR,848.3,87.75,1.3,12.54,9.7,Ολλανδία,True,False,False,False,Υπόλοιπες,Εξωτερικό,2023-01-01
NL,FOR,929.51,98.65,1.27,11.99,9.4,Ολλανδία,True,False,False,False,Υπόλοιπες,Εξωτερικό,2024-01-01
PL,FOR,710.26,73.51,0.18,1.73,9.7,Πολωνία,True,False,False,False,Υπόλοιπες,Εξωτερικό,2012-01-01
PL,FOR,611.32,71.0,0.22,1.9,8.6,Πολωνία,True,False,False,False,Υπόλοιπες,Εξωτερικό,2013-01-01
PL,FOR,472.84,46.33,0.25,2.54,10.2,Πολωνία,True,False,False,False,Υπόλοιπες,Εξωτερικό,2014-01-01
PL,FOR,484.81,53.29,0.27,2.42,9.1,Πολωνία,True,False,False,False,Υπόλοιπες,Εξωτερικό,2015-01-01
PL,FOR,494.19,52.71,0.27,2.57,9.4,Πολωνία,True,False,False,False,Υπόλοιπες,Εξωτερικό,2016-01-01
PL,FOR,540.43,53.55,0.29,2.9,10.1,Πολωνία,True,False,False,False,Υπόλοιπες,Εξωτερικό,2017-01-01
PL,FOR,563.21,58.67,0.3,2.93,9.6,Πολωνία,True,False,False,False,Υπόλοιπες,Εξωτερικό,2018-01-01
PL,FOR,568.63,56.99,0.32,3.24,10.0,Πολωνία,True,False,False,False,Υπόλοιπες,Εξωτερικό,2019-01-01
PL,FOR,535.33,52.44,0.15,1.49,10.2,Πολωνία,True,False,False,False,Υπόλοιπες,Εξωτερικό,2020-01-01
PL,FOR,547.14,51.45,0.16,1.71,10.6,Πολωνία,True,False,False,False,Υπόλοιπες,Εξωτερικό,2021-01-01
PL,FOR,593.71,56.83,0.29,2.98,10.4,Πολωνία,True,False,False,False,Υπόλοιπες,Εξωτερικό,2022-01-01
PL,FOR,632.91,68.84,0.33,3.06,9.2,Πολωνία,True,False,False,False,Υπόλοιπες,Εξωτερικό,2023-01-01
PL,FOR,689.55,78.43,0.36,3.18,8.8,Πολωνία,True,False,False,False,Υπόλοιπες,Εξωτερικό,2024-01-01
PT,FOR,442.19,55.66,0.09,0.74,7.9,Πορτογαλία,True,True,False,False,Υπόλοιπες,Εξωτερικό,2012-01-01
PT,FOR,439.71,40.48,0.09,1.03,10.9,Πορτογαλία,True,True,False,False,Υπόλοιπες,Εξωτερικό,2013-01-01
PT,FOR,580.7,65.56,0.1,0.88,8.9,Πορτογαλία,True,True,False,False,Υπόλοιπες,Εξωτερικό,2014-01-01
PT,FOR,628.17,79.31,0.12,0.92,7.9,Πορτογαλία,True,True,False,False,Υπόλοιπες,Εξωτερικό,2015-01-01
PT,FOR,480.61,66.89,0.12,0.84,7.2,Πορτογαλία,True,True,False,False,Υπόλοιπες,Εξωτερικό,2016-01-01
PT,FOR,500.4,62.7,0.15,1.17,8.0,Πορτογαλία,True,True,False,False,Υπόλοιπες,Εξωτερικό,2017-01-01
PT,FOR,538.53,69.59,0.16,1.22,7.7,Πορτογαλία,True,True,False,False,Υπόλοιπες,Εξωτερικό,2018-01-01
PT,FOR,655.91,86.26,0.2,1.52,7.6,Πορτογαλία,True,True,False,False,Υπόλοιπες,Εξωτερικό,2019-01-01
PT,FOR,604.69,73.89,0.05,0.4,8.2,Πορτογαλία,True,True,False,False,Υπόλοιπες,Εξωτερικό,2020-01-01
PT,FOR,654.91,73.83,0.07,0.58,8.9,Πορτογαλία,True,True,False,False,Υπόλοιπες,Εξωτερικό,2021-01-01
PT,FOR,755.06,102.27,0.17,1.29,7.4,Πορτογαλία,True,True,False,False,Υπόλοιπες,Εξωτερικό,2022-01-01
PT,FOR,755.8,111.0,0.22,1.47,6.8,Πορτογαλία,True,True,False,False,Υπόλοιπες,Εξωτερικό,2023-01-01
PT,FOR,884.63,124.15,0.23,1.61,7.1,Πορτογαλία,True,True,False,False,Υπόλοιπες,Εξωτερικό,2024-01-01
RO,FOR,427.15,38.69,0.04,0.42,11.0,Ρουμανία,True,False,False,False,Υπόλοιπες,Εξωτερικό,2012-01-01
RO,FOR,369.07,39.51,0.05,0.45,9.3,Ρουμανία,True,False,False,False,Υπόλοιπες,Εξωτερικό,2013-01-01
RO,FOR,363.47,38.24,0.05,0.49,9.5,Ρουμανία,True,False,False,False,Υπόλοιπες,Εξωτερικό,2014-01-01
RO,FOR,389.01,45.89,0.05,0.43,8.5,Ρουμανία,True,False,False,False,Υπόλοιπες,Εξωτερικό,2015-01-01
RO,FOR,374.58,46.17,0.05,0.43,8.1,Ρουμανία,True,False,False,False,Υπόλοιπες,Εξωτερικό,2016-01-01
RO,FOR,471.02,58.43,0.05,0.44,8.1,Ρουμανία,True,False,False,False,Υπόλοιπες,Εξωτερικό,2017-01-01
RO,FOR,418.75,59.55,0.06,0.45,7.0,Ρουμανία,True,False,False,False,Υπόλοιπες,Εξωτερικό,2018-01-01
RO,FOR,453.6,63.28,0.08,0.58,7.2,Ρουμανία,True,False,False,False,Υπόλοιπες,Εξωτερικό,2019-01-01
RO,FOR,443.3,60.39,0.02,0.15,7.3,Ρουμανία,True,False,False,False,Υπόλοιπες,Εξωτερικό,2020-01-01
RO,FOR,544.65,74.28,0.05,0.35,7.3,Ρουμανία,True,False,False,False,Υπόλοιπες,Εξωτερικό,2021-01-01
RO,FOR,730.14,108.37,0.08,0.52,6.7,Ρουμανία,True,False,False,False,Υπόλοιπες,Εξωτερικό,2022-01-01
RO,FOR,692.06,101.99,0.1,0.67,6.8,Ρουμανία,True,False,False,False,Υπόλοιπες,Εξωτερικό,2023-01-01
RO,FOR,733.41,118.81,0.12,0.72,6.2,Ρουμανία,True,False,False,False,Υπόλοιπες,Εξωτερικό,2024-01-01
SE,FOR,588.89,75.3,0.86,6.73,7.8,Σουηδία,True,False,False,False,Υπόλοιπες,Εξωτερικό,2014-01-01
SE,FOR,645.96,91.99,0.83,5.81,7.0,Σουηδία,True,False,False,False,Υπόλοιπες,Εξωτερικό,2015-01-01
SE,FOR,508.79,59.93,0.83,7.06,8.5,Σουηδία,True,False,False,False,Υπόλοιπες,Εξωτερικό,2016-01-01
SE,FOR,1479.65,162.29,1.76,16.02,9.1,Σουηδία,True,False,False,False,Υπόλοιπες,Εξωτερικό,2017-01-01
SE,FOR,1504.05,180.56,1.51,12.62,8.3,Σουηδία,True,False,False,False,Υπόλοιπες,Εξωτερικό,2018-01-01
SE,FOR,1341.25,166.84,1.42,11.39,8.0,Σουηδία,True,False,False,False,Υπόλοιπες,Εξωτερικό,2019-01-01
SE,FOR,1174.72,123.4,0.34,3.2,9.5,Σουηδία,True,False,False,False,Υπόλοιπες,Εξωτερικό,2020-01-01
SE,FOR,1119.51,118.19,0.43,4.05,9.5,Σουηδία,True,False,False,False,Υπόλοιπες,Εξωτερικό,2021-01-01
SE,FOR,1242.52,146.63,1.23,10.41,8.5,Σουηδία,True,False,False,False,Υπόλοιπες,Εξωτερικό,2022-01-01
SE,FOR,1466.67,154.43,1.53,14.56,9.5,Σουηδία,True,False,False,False,Υπόλοιπες,Εξωτερικό,2024-01-01
SI,FOR,282.96,48.39,1.01,5.91,5.8,Σλοβενία,True,False,False,False,Υπόλοιπες,Εξωτερικό,2012-01-01
SI,FOR,257.69,47.63,1.11,6.02,5.4,Σλοβενία,True,False,False,False,Υπόλοιπες,Εξωτερικό,2013-01-01
SI,FOR,263.76,48.32,1.09,5.96,5.5,Σλοβενία,True,False,False,False,Υπόλοιπες,Εξωτερικό,2014-01-01
SI,FOR,277.75,46.42,1.17,7.01,6.0,Σλοβενία,True,False,False,False,Υπόλοιπες,Εξωτερικό,2015-01-01
SI,FOR,283.26,46.41,1.18,7.2,6.1,Σλοβενία,True,False,False,False,Υπόλοιπες,Εξωτερικό,2016-01-01
SI,FOR,272.76,48.69,1.24,6.96,5.6,Σλοβενία,True,False,False,False,Υπόλοιπες,Εξωτερικό,2017-01-01
SI,FOR,302.5,52.54,1.3,7.49,5.8,Σλοβενία,True,False,False,False,Υπόλοιπες,Εξωτερικό,2018-01-01
SI,FOR,300.06,54.71,1.3,7.13,5.5,Σλοβενία,True,False,False,False,Υπόλοιπες,Εξωτερικό,2019-01-01
SI,FOR,201.43,30.39,0.5,3.31,6.6,Σλοβενία,True,False,False,False,Υπόλοιπες,Εξωτερικό,2020-01-01
SI,FOR,415.87,68.44,0.91,5.52,6.1,Σλοβενία,True,False,False,False,Υπόλοιπες,Εξωτερικό,2021-01-01
SI,FOR,425.25,72.54,1.35,7.9,5.9,Σλοβενία,True,False,False,False,Υπόλοιπες,Εξωτερικό,2022-01-01
SI,FOR,473.03,88.58,1.8,9.6,5.3,Σλοβενία,True,False,False,False,Υπόλοιπες,Εξωτερικό,2023-01-01
SI,FOR,477.33,92.23,2.01,10.39,5.2,Σλοβενία,True,False,False,False,Υπόλοιπες,Εξωτερικό,2024-01-01
SK,FOR,601.13,76.15,0.44,3.48,7.9,Σλοβακία,True,False,False,False,Υπόλοιπες,Εξωτερικό,2012-01-01
SK,FOR,504.71,68.29,0.35,2.59,7.4,Σλοβακία,True,False,False,False,Υπόλοιπες,Εξωτερικό,2013-01-01
SK,FOR,478.16,72.8,0.35,2.29,6.6,Σλοβακία,True,False,False,False,Υπόλοιπες,Εξωτερικό,2014-01-01
SK,FOR,550.5,73.38,0.41,3.11,7.5,Σλοβακία,True,False,False,False,Υπόλοιπες,Εξωτερικό,2015-01-01
SK,FOR,482.8,74.28,0.46,2.98,6.5,Σλοβακία,True,False,False,False,Υπόλοιπες,Εξωτερικό,2016-01-01
SK,FOR,454.29,73.76,0.58,3.56,6.2,Σλοβακία,True,False,False,False,Υπόλοιπες,Εξωτερικό,2017-01-01
SK,FOR,449.47,71.68,0.71,4.43,6.3,Σλοβακία,True,False,False,False,Υπόλοιπες,Εξωτερικό,2018-01-01
SK,FOR,470.04,75.15,0.81,5.04,6.3,Σλοβακία,True,False,False,False,Υπόλοιπες,Εξωτερικό,2019-01-01
SK,FOR,354.49,65.14,0.15,0.83,5.4,Σλοβακία,True,False,False,False,Υπόλοιπες,Εξωτερικό,2020-01-01
SK,FOR,444.86,74.06,0.26,1.53,6.0,Σλοβακία,True,False,False,False,Υπόλοιπες,Εξωτερικό,2021-01-01
SK,FOR,533.38,96.5,0.55,3.06,5.5,Σλοβακία,True,False,False,False,Υπόλοιπες,Εξωτερικό,2022-01-01
SK,FOR,619.56,105.66,0.73,4.26,5.9,Σλοβακία,True,False,False,False,Υπόλοιπες,Εξωτερικό,2023-01-01
SK,FOR,683.22,118.13,0.81,4.66,5.8,Σλοβακία,True,False,False,False,Υπόλοιπες,Εξωτερικό,2024-01-01
